elapsed_seconds,status,shoulder_width_current,shoulder_width_deviation,shoulder_width_status,shoulder_tilt_current,shoulder_tilt_deviation,shoulder_tilt_status,head_drop_ratio_current,head_drop_ratio_deviation,head_drop_ratio_status,forward_head_ratio_current,forward_head_ratio_deviation,forward_head_ratio_status,head_tilt_current,head_tilt_deviation,head_tilt_status
0.00,good,0.3775,0.0144,good,-178.3766,0.1897,good,0.4278,0.0016,good,-0.4838,0.0011,good,-176.3042,0.2779,good
0.04,good,0.3778,0.0139,good,-178.3295,0.2368,good,0.4247,0.0048,good,-0.4839,0.0009,good,-176.2698,0.2434,good
0.07,good,0.3781,0.0130,good,-178.2870,0.2792,good,0.4222,0.0072,good,-0.4839,0.0010,good,-176.1648,0.1384,good
0.10,good,0.3782,0.0128,good,-178.2402,0.3260,good,0.4206,0.0089,good,-0.4842,0.0007,good,-176.1594,0.1331,good
0.13,good,0.3785,0.0120,good,-178.1979,0.3684,good,0.4192,0.0103,good,-0.4844,0.0005,good,-176.1486,0.1222,good
0.16,good,0.3789,0.0109,good,-178.1249,0.4413,good,0.4177,0.0118,good,-0.4847,0.0002,good,-176.1573,0.1309,good
0.19,good,0.3797,0.0088,good,-178.0466,0.5196,good,0.4156,0.0138,good,-0.4845,0.0003,good,-176.1418,0.1154,good
0.22,good,0.3805,0.0068,good,-177.9778,0.5884,good,0.4131,0.0164,good,-0.4841,0.0007,good,-176.0257,0.0007,good
0.28,good,0.3813,0.0045,good,-177.9507,0.6155,good,0.4104,0.0191,good,-0.4839,0.0010,good,-175.8988,0.1275,good
0.31,good,0.3821,0.0026,good,-177.9742,0.5921,good,0.4081,0.0214,good,-0.4841,0.0007,good,-175.7611,0.2653,good
0.34,good,0.3828,0.0007,good,-178.0165,0.5497,good,0.4058,0.0236,good,-0.4845,0.0004,good,-175.6729,0.3535,good
0.37,good,0.3837,0.0018,good,-178.1456,0.4206,good,0.4035,0.0259,good,-0.4841,0.0007,good,-175.5308,0.4955,good
0.40,good,0.3846,0.0040,good,-178.2442,0.3221,good,0.4034,0.0261,good,-0.4829,0.0020,good,-175.4630,0.5634,good
0.44,good,0.3856,0.0067,good,-178.2893,0.2769,good,0.4031,0.0263,good,-0.4816,0.0032,good,-175.4367,0.5897,good
0.47,good,0.3866,0.0092,good,-178.2998,0.2664,good,0.4026,0.0268,good,-0.4805,0.0043,good,-175.4231,0.6033,good
0.50,good,0.3877,0.0122,good,-178.3889,0.1773,good,0.4016,0.0279,good,-0.4790,0.0059,good,-175.3326,0.6938,good
0.55,good,0.3887,0.0146,good,-178.4974,0.0688,good,0.4007,0.0287,good,-0.4778,0.0070,good,-175.2927,0.7336,good
0.58,good,0.3895,0.0168,good,-178.6477,0.0815,good,0.4000,0.0294,good,-0.4770,0.0079,good,-175.1770,0.8494,good
0.61,good,0.3901,0.0184,good,-178.8332,0.2670,good,0.3993,0.0301,good,-0.4762,0.0087,good,-175.1292,0.8972,good
0.64,good,0.3908,0.0201,good,-179.0143,0.4481,good,0.3988,0.0307,good,-0.4756,0.0093,good,-175.1514,0.8750,good
0.69,good,0.3910,0.0208,good,-179.1733,0.6071,good,0.3986,0.0308,good,-0.4749,0.0099,good,-175.1779,0.8485,good
0.71,bad,0.3912,0.0212,good,-149.3182,29.2480,alert,0.3980,0.0314,good,-0.4744,0.0105,good,-175.1773,0.8490,good
0.74,bad,0.3913,0.0214,good,-119.4746,59.0917,alert,0.3977,0.0318,good,-0.4743,0.0106,good,-175.2164,0.8100,good
0.78,bad,0.3910,0.0208,good,-89.5992,88.9671,alert,0.3976,0.0319,good,-0.4747,0.0101,good,-175.3377,0.6887,good
0.81,bad,0.3908,0.0202,good,-59.6685,118.8977,alert,0.3978,0.0316,good,-0.4753,0.0095,good,-175.5099,0.5165,good
0.84,bad,0.3907,0.0198,good,-29.7687,148.7975,alert,0.3980,0.0315,good,-0.4761,0.0087,good,-175.6549,0.3715,good
0.88,bad,0.3907,0.0198,good,0.0920,178.6582,alert,0.3980,0.0314,good,-0.4769,0.0080,good,-175.7367,0.2896,good
0.90,bad,0.3904,0.0191,good,0.0492,178.6154,alert,0.3988,0.0306,good,-0.4782,0.0066,good,-175.8429,0.1835,good
0.95,bad,0.3899,0.0178,good,29.9966,208.5629,alert,0.3991,0.0303,good,-0.4792,0.0056,good,-175.9171,0.1093,good
0.98,bad,0.3894,0.0165,good,59.9551,238.5213,alert,0.3995,0.0300,good,-0.4802,0.0047,good,-176.0259,0.0005,good
1.01,bad,0.3890,0.0155,good,59.9377,238.5039,alert,0.4001,0.0293,good,-0.4817,0.0031,good,-176.1321,0.1057,good
1.04,bad,0.3888,0.0150,good,89.9194,268.4857,alert,0.4007,0.0287,good,-0.4830,0.0019,good,-176.2186,0.1922,good
1.08,bad,0.3886,0.0145,good,89.9227,268.4890,alert,0.4015,0.0279,good,-0.4845,0.0004,good,-176.2934,0.2670,good
1.11,bad,0.3885,0.0141,good,59.9350,238.5012,alert,0.4025,0.0270,good,-0.4860,0.0011,good,-176.4192,0.3928,good
1.14,bad,0.3881,0.0132,good,59.9553,238.5215,alert,0.4034,0.0260,good,-0.4870,0.0022,good,-176.4515,0.4251,good
1.17,bad,0.3879,0.0125,good,59.9733,238.5396,alert,0.4038,0.0256,good,-0.4878,0.0029,good,-176.4284,0.4020,good
1.22,bad,0.3877,0.0121,good,29.9913,208.5575,alert,0.4045,0.0250,good,-0.4886,0.0038,good,-176.3608,0.3344,good
1.25,bad,0.3875,0.0115,good,0.0221,178.5884,alert,0.4053,0.0241,good,-0.4896,0.0048,good,-176.2929,0.2665,good
1.29,bad,0.3871,0.0106,good,-29.9417,148.6246,alert,0.4064,0.0231,good,-0.4908,0.0060,good,-176.2522,0.2258,good
1.32,bad,0.3867,0.0094,good,-29.9195,148.6467,alert,0.4072,0.0222,good,-0.4921,0.0072,good,-176.2007,0.1743,good
1.36,bad,0.3865,0.0091,good,-59.8914,118.6748,alert,0.4083,0.0212,good,-0.4936,0.0088,good,-176.1520,0.1256,good
1.39,bad,0.3863,0.0085,good,-89.8847,88.6815,alert,0.4093,0.0201,good,-0.4948,0.0099,good,-176.0887,0.0623,good
1.42,bad,0.3861,0.0078,good,-89.8369,88.7293,alert,0.4110,0.0184,good,-0.4959,0.0110,good,-175.9925,0.0339,good
1.45,bad,0.3857,0.0070,good,-119.8240,58.7423,alert,0.4121,0.0174,good,-0.4965,0.0116,good,-175.9070,0.1193,good
1.48,bad,0.3856,0.0067,good,-89.8379,88.7283,alert,0.4128,0.0167,good,-0.4967,0.0119,good,-175.8790,0.1474,good
1.51,bad,0.3856,0.0065,good,-59.8532,118.7130,alert,0.4133,0.0162,good,-0.4966,0.0117,good,-175.8577,0.1687,good
1.54,bad,0.3855,0.0063,good,-89.8483,88.7180,alert,0.4138,0.0157,good,-0.4968,0.0120,good,-175.8874,0.1390,good
1.57,bad,0.3855,0.0063,good,-119.8208,58.7454,alert,0.4144,0.0151,good,-0.4972,0.0123,good,-175.9708,0.0556,good
1.63,bad,0.3854,0.0062,good,-119.8180,58.7482,alert,0.4148,0.0147,good,-0.4973,0.0124,good,-176.0789,0.0525,good
1.67,bad,0.3853,0.0060,good,-119.8142,58.7520,alert,0.4150,0.0144,good,-0.4972,0.0124,good,-176.1718,0.1454,good
1.69,bad,0.3852,0.0056,good,-119.7873,58.7789,alert,0.4154,0.0141,good,-0.4974,0.0126,good,-176.2758,0.2494,good
1.73,bad,0.3852,0.0057,good,-119.7737,58.7926,alert,0.4158,0.0137,good,-0.4972,0.0124,good,-176.3168,0.2905,good
1.76,bad,0.3852,0.0055,good,-119.7468,58.8194,alert,0.4162,0.0133,good,-0.4968,0.0119,good,-176.3242,0.2979,good
1.79,bad,0.3851,0.0052,good,-119.7210,58.8453,alert,0.4169,0.0126,good,-0.4967,0.0118,good,-176.3307,0.3043,good
1.83,bad,0.3851,0.0054,good,-119.7149,58.8514,alert,0.4171,0.0124,good,-0.4966,0.0117,good,-176.3524,0.3260,good
1.85,bad,0.3850,0.0051,good,-119.6384,58.9278,alert,0.4184,0.0110,good,-0.4977,0.0129,good,-176.3749,0.3486,good
1.89,bad,0.3847,0.0042,good,-149.5629,29.0034,alert,0.4199,0.0095,good,-0.4989,0.0141,good,-176.3623,0.3359,good
1.92,good,0.3843,0.0033,good,-179.4958,0.9296,good,0.4214,0.0080,good,-0.4999,0.0151,good,-176.3235,0.2972,good
1.96,good,0.3839,0.0022,good,-179.4461,0.8799,good,0.4230,0.0065,good,-0.5009,0.0160,good,-176.2888,0.2624,good
1.99,good,0.3834,0.0009,good,-179.4170,0.8508,good,0.4244,0.0051,good,-0.5017,0.0169,good,-176.2035,0.1771,good
2.03,good,0.3830,0.0001,good,-179.3792,0.8129,good,0.4251,0.0043,good,-0.5021,0.0172,good,-176.1062,0.0798,good
2.05,good,0.3826,0.0011,good,-179.3407,0.7745,good,0.4257,0.0037,good,-0.5025,0.0177,good,-176.0265,0.0001,good
2.08,good,0.3823,0.0020,good,-179.3324,0.7661,good,0.4260,0.0035,good,-0.5026,0.0178,good,-175.9653,0.0610,good
2.12,good,0.3817,0.0035,good,-179.3121,0.7458,good,0.4263,0.0031,good,-0.5034,0.0185,good,-175.9662,0.0602,good
2.14,good,0.3811,0.0051,good,-179.2806,0.7144,good,0.4267,0.0027,good,-0.5043,0.0194,good,-176.0277,0.0013,good
2.18,good,0.3807,0.0061,good,-179.2460,0.6798,good,0.4264,0.0030,good,-0.5048,0.0199,good,-176.1085,0.0821,good
2.21,good,0.3801,0.0078,good,-179.2551,0.6889,good,0.4260,0.0034,good,-0.5053,0.0204,good,-176.1688,0.1424,good
2.24,good,0.3795,0.0093,good,-179.2783,0.7121,good,0.4252,0.0043,good,-0.5051,0.0202,good,-176.2545,0.2281,good
2.29,good,0.3791,0.0103,good,-179.2945,0.7283,good,0.4240,0.0055,good,-0.5047,0.0198,good,-176.3833,0.3569,good
2.31,good,0.3788,0.0112,good,-179.2971,0.7309,good,0.4229,0.0065,good,-0.5045,0.0196,good,-176.5044,0.4781,good
2.35,good,0.3784,0.0121,good,-179.2857,0.7195,good,0.4220,0.0074,good,-0.5048,0.0200,good,-176.6371,0.6107,good
2.38,good,0.3779,0.0134,good,-179.2642,0.6979,good,0.4214,0.0080,good,-0.5059,0.0210,good,-176.7640,0.7376,good
2.41,good,0.3776,0.0143,good,-179.2491,0.6829,good,0.4207,0.0088,good,-0.5067,0.0219,good,-176.9096,0.8832,good
2.44,good,0.3773,0.0150,good,-179.2206,0.6543,good,0.4199,0.0095,good,-0.5076,0.0227,good,-177.0402,1.0138,good
2.47,good,0.3771,0.0156,good,-179.1929,0.6267,good,0.4192,0.0102,good,-0.5082,0.0234,good,-177.1061,1.0798,good
2.52,good,0.3771,0.0155,good,-179.1638,0.5976,good,0.4181,0.0113,good,-0.5080,0.0231,good,-177.1004,1.0741,good
2.55,good,0.3775,0.0146,good,-179.1639,0.5976,good,0.4167,0.0127,good,-0.5073,0.0224,good,-177.0443,1.0179,good
2.58,good,0.3775,0.0144,good,-179.1400,0.5738,good,0.4161,0.0133,good,-0.5072,0.0223,good,-176.9720,0.9457,good
2.63,good,0.3776,0.0142,good,-179.0717,0.5055,good,0.4162,0.0132,good,-0.5075,0.0227,good,-176.9561,0.9298,good
2.66,good,0.3778,0.0137,good,-179.0109,0.4446,good,0.4163,0.0131,good,-0.5081,0.0232,good,-176.9286,0.9022,good
2.69,good,0.3777,0.0140,good,-178.9586,0.3924,good,0.4169,0.0125,good,-0.5088,0.0240,good,-176.8466,0.8202,good
2.73,good,0.3774,0.0148,good,-178.8974,0.3312,good,0.4179,0.0115,good,-0.5103,0.0254,good,-176.7327,0.7063,good
2.75,good,0.3770,0.0159,good,-178.8271,0.2608,good,0.4195,0.0099,good,-0.5120,0.0271,good,-176.6277,0.6013,good
2.79,good,0.3769,0.0162,good,-178.7584,0.1922,good,0.4203,0.0091,good,-0.5124,0.0276,good,-176.5413,0.5149,good
2.82,good,0.3765,0.0171,good,-178.6797,0.1135,good,0.4219,0.0075,good,-0.5138,0.0290,good,-176.4205,0.3942,good
2.85,good,0.3764,0.0173,good,-178.6419,0.0756,good,0.4229,0.0065,good,-0.5144,0.0295,good,-176.3092,0.2829,good
2.88,good,0.3763,0.0177,good,-178.6029,0.0366,good,0.4238,0.0056,good,-0.5148,0.0300,good,-176.2405,0.2142,good
2.92,good,0.3760,0.0184,good,-178.5675,0.0013,good,0.4257,0.0038,good,-0.5159,0.0310,good,-176.2280,0.2016,good
2.97,good,0.3759,0.0186,good,-178.5129,0.0534,good,0.4269,0.0026,good,-0.5165,0.0316,good,-176.2789,0.2525,good
3.01,good,0.3760,0.0184,good,-178.4696,0.0967,good,0.4276,0.0019,good,-0.5167,0.0319,good,-176.3190,0.2926,good
3.04,good,0.3761,0.0182,good,-178.4480,0.1182,good,0.4282,0.0012,good,-0.5167,0.0318,good,-176.3060,0.2796,good
3.06,good,0.3761,0.0181,good,-178.4233,0.1429,good,0.4289,0.0006,good,-0.5165,0.0316,good,-176.2184,0.1920,good
3.10,good,0.3761,0.0182,good,-178.4231,0.1431,good,0.4301,0.0006,good,-0.5166,0.0317,good,-176.1717,0.1453,good
3.13,good,0.3764,0.0173,good,-178.4120,0.1543,good,0.4312,0.0017,good,-0.5166,0.0317,good,-176.1600,0.1337,good
3.16,good,0.3772,0.0153,good,-178.4092,0.1570,good,0.4314,0.0019,good,-0.5152,0.0303,good,-176.1095,0.0831,good
3.19,good,0.3778,0.0136,good,-178.4295,0.1367,good,0.4313,0.0018,good,-0.5135,0.0287,good,-176.0723,0.0459,good
3.22,good,0.3783,0.0123,good,-178.4641,0.1022,good,0.4326,0.0032,good,-0.5126,0.0277,good,-176.0576,0.0312,good
3.25,good,0.3787,0.0115,good,-178.4805,0.0857,good,0.4345,0.0051,good,-0.5124,0.0275,good,-175.9785,0.0479,good
3.29,good,0.3794,0.0096,good,-178.4846,0.0816,good,0.4357,0.0062,good,-0.5116,0.0268,good,-175.9318,0.0946,good
3.32,good,0.3803,0.0072,good,-178.5484,0.0178,good,0.4357,0.0063,good,-0.5103,0.0254,good,-175.8349,0.1915,good
3.35,good,0.3809,0.0057,good,-178.5897,0.0234,good,0.4376,0.0082,good,-0.5105,0.0257,good,-175.7038,0.3226,good
3.38,good,0.3818,0.0034,good,-178.6597,0.0934,good,0.4391,0.0097,good,-0.5101,0.0253,good,-175.5109,0.5154,good
3.41,good,0.3829,0.0005,good,-178.7355,0.1693,good,0.4403,0.0108,good,-0.5095,0.0246,good,-175.4064,0.6200,good
3.44,good,0.3843,0.0033,good,-178.8351,0.2689,good,0.4408,0.0113,good,-0.5082,0.0234,good,-175.4189,0.6075,good
3.47,good,0.3859,0.0075,good,-178.8661,0.2999,good,0.4402,0.0108,good,-0.5062,0.0213,good,-175.3994,0.6270,good
3.50,good,0.3875,0.0117,good,-178.9425,0.3763,good,0.4390,0.0095,good,-0.5035,0.0186,good,-175.3619,0.6645,good
3.53,good,0.3890,0.0154,good,-178.9798,0.4136,good,0.4379,0.0085,good,-0.5016,0.0167,good,-175.3211,0.7052,good
3.64,good,0.3906,0.0198,good,-178.8642,0.2980,good,0.4371,0.0077,good,-0.5011,0.0162,good,-175.4321,0.5943,good
3.70,good,0.3920,0.0233,good,-178.7368,0.1706,good,0.4346,0.0052,good,-0.4996,0.0147,good,-175.5153,0.5110,good
3.73,good,0.3929,0.0256,good,-178.6210,0.0547,good,0.4323,0.0029,good,-0.4983,0.0134,good,-175.6805,0.3459,good
3.77,good,0.3934,0.0270,good,-178.5347,0.0316,good,0.4317,0.0023,good,-0.4987,0.0138,good,-175.8589,0.1675,good
3.79,good,0.3936,0.0276,good,-178.3732,0.1930,good,0.4315,0.0021,good,-0.4993,0.0145,good,-176.0549,0.0285,good
3.83,good,0.3939,0.0283,good,-178.2388,0.3275,good,0.4302,0.0008,good,-0.4994,0.0145,good,-176.3477,0.3214,good
3.86,good,0.3937,0.0277,good,-178.1549,0.4113,good,0.4294,0.0000,good,-0.5001,0.0153,good,-176.7226,0.6962,good
3.89,good,0.3937,0.0277,good,-178.0248,0.5414,good,0.4285,0.0009,good,-0.5009,0.0161,good,-177.0544,1.0280,good
3.93,good,0.3934,0.0270,good,-177.8760,0.6903,good,0.4285,0.0009,good,-0.5028,0.0179,good,-177.3772,1.3508,good
3.97,good,0.3931,0.0262,good,-177.7868,0.7794,good,0.4289,0.0006,good,-0.5052,0.0203,good,-177.7104,1.6841,good
4.01,good,0.3926,0.0248,good,-177.6758,0.8905,good,0.4297,0.0003,good,-0.5079,0.0230,good,-178.0459,2.0196,good
4.05,good,0.3918,0.0229,good,-177.5882,0.9780,good,0.4306,0.0011,good,-0.5104,0.0255,good,-178.3947,2.3683,good
4.07,good,0.3907,0.0199,good,-177.6417,0.9246,good,0.4320,0.0025,good,-0.5124,0.0275,good,-178.5339,2.5075,good
4.11,good,0.3901,0.0184,good,-177.7280,0.8383,good,0.4337,0.0043,good,-0.5145,0.0296,good,-178.7204,2.6941,good
4.14,good,0.3898,0.0176,good,-177.8140,0.7523,good,0.4359,0.0064,good,-0.5170,0.0321,good,-178.8391,2.8128,good
4.17,good,0.3896,0.0170,good,-177.9339,0.6324,good,0.4364,0.0069,good,-0.5174,0.0326,good,-178.9293,2.9029,good
4.20,good,0.3894,0.0167,good,-178.0804,0.4859,good,0.4369,0.0075,good,-0.5180,0.0331,good,-179.0576,3.0312,good
4.23,good,0.3892,0.0160,good,-178.2213,0.3449,good,0.4376,0.0081,good,-0.5186,0.0337,good,-179.1129,3.0865,good
4.26,good,0.3889,0.0154,good,-178.2040,0.3623,good,0.4389,0.0094,good,-0.5198,0.0349,good,-179.1700,3.1436,good
4.31,good,0.3883,0.0138,good,-178.2484,0.3179,good,0.4403,0.0109,good,-0.5210,0.0362,good,-179.1671,3.1407,good
4.34,good,0.3878,0.0123,good,-178.2789,0.2874,good,0.4416,0.0121,good,-0.5220,0.0372,good,-179.1045,3.0782,good
4.37,good,0.3873,0.0110,good,-178.3468,0.2194,good,0.4423,0.0128,good,-0.5226,0.0377,good,-179.0730,3.0466,good
4.40,good,0.3871,0.0105,good,-178.3503,0.2159,good,0.4427,0.0133,good,-0.5229,0.0381,good,-179.0676,3.0412,good
4.44,good,0.3866,0.0093,good,-178.3738,0.1924,good,0.4440,0.0146,good,-0.5243,0.0394,good,-179.0421,3.0157,good
4.47,good,0.3862,0.0081,good,-178.4037,0.1625,good,0.4454,0.0160,good,-0.5256,0.0407,good,-179.0089,2.9825,good
4.50,good,0.3856,0.0066,good,-178.4196,0.1467,good,0.4471,0.0176,good,-0.5271,0.0422,good,-178.9866,2.9602,good
4.54,good,0.3853,0.0058,good,-178.4050,0.1612,good,0.4477,0.0183,good,-0.5275,0.0427,good,-179.0135,2.9872,good
4.57,good,0.3849,0.0048,good,-178.3350,0.2312,good,0.4491,0.0196,good,-0.5291,0.0442,good,-179.0052,2.9788,good
4.61,good,0.3845,0.0038,good,-178.2352,0.3310,good,0.4506,0.0212,good,-0.5307,0.0458,good,-179.0158,2.9895,good
4.65,good,0.3843,0.0032,good,-178.1369,0.4293,good,0.4516,0.0221,good,-0.5317,0.0468,good,-179.0004,2.9740,good
4.69,good,0.3842,0.0030,good,-178.1182,0.4480,good,0.4516,0.0222,good,-0.5320,0.0471,good,-178.9512,2.9249,good
4.71,good,0.3844,0.0035,good,-178.0287,0.5375,good,0.4504,0.0209,good,-0.5309,0.0461,good,-178.9091,2.8827,good
4.75,good,0.3844,0.0034,good,-177.8940,0.6723,good,0.4484,0.0189,good,-0.5296,0.0448,good,-178.9775,2.9511,good
4.78,good,0.3845,0.0037,good,-177.7646,0.8016,good,0.4461,0.0167,good,-0.5282,0.0433,good,-178.9577,2.9314,good
4.81,good,0.3843,0.0031,good,-177.6525,0.9138,good,0.4433,0.0138,good,-0.5262,0.0414,good,-178.8746,2.8482,good
4.84,good,0.3842,0.0030,good,-177.5458,1.0204,good,0.4409,0.0115,good,-0.5246,0.0397,good,-178.6797,2.6534,good
4.87,good,0.3843,0.0033,good,-177.4138,1.1524,good,0.4378,0.0084,good,-0.5222,0.0374,good,-178.4713,2.4449,good
4.90,good,0.3846,0.0040,good,-177.2293,1.3370,good,0.4335,0.0041,good,-0.5183,0.0335,good,-178.2501,2.2237,good
4.93,good,0.3844,0.0035,good,-177.0549,1.5114,good,0.4295,0.0001,good,-0.5149,0.0301,good,-178.0383,2.0119,good
4.98,good,0.3848,0.0044,good,-176.8926,1.6736,good,0.4242,0.0052,good,-0.5102,0.0253,good,-177.8125,1.7862,good
5.01,good,0.3853,0.0057,good,-176.7816,1.7846,good,0.4184,0.0110,good,-0.5052,0.0203,good,-177.5636,1.5372,good
5.04,good,0.3863,0.0085,good,-176.6592,1.9070,good,0.4118,0.0177,good,-0.4993,0.0145,good,-177.3059,1.2795,good
5.08,good,0.3872,0.0108,good,-176.5123,2.0539,good,0.4049,0.0245,good,-0.4933,0.0084,good,-177.0431,1.0167,good
5.11,good,0.3880,0.0128,good,-176.4030,2.1632,good,0.3987,0.0308,good,-0.4878,0.0030,good,-176.8292,0.8029,good
5.14,good,0.3890,0.0154,good,-176.3480,2.2182,good,0.3930,0.0364,good,-0.4828,0.0020,good,-176.4879,0.4615,good
5.18,good,0.3900,0.0181,good,-176.2081,2.3581,good,0.3874,0.0420,good,-0.4780,0.0068,good,-176.1885,0.1621,good
5.21,good,0.3911,0.0211,good,-176.1631,2.4031,good,0.3828,0.0467,good,-0.4739,0.0110,good,-175.8761,0.1503,good
5.25,good,0.3928,0.0255,good,-176.1422,2.4240,good,0.3762,0.0532,good,-0.4684,0.0165,good,-175.7302,0.2962,good
5.27,good,0.3948,0.0306,good,-176.1681,2.3982,good,0.3692,0.0602,good,-0.4627,0.0222,good,-175.6009,0.4255,good
5.31,caution,0.3968,0.0360,good,-176.2417,2.3246,good,0.3626,0.0669,caution,-0.4587,0.0262,good,-175.5399,0.4865,good
5.36,caution,0.3991,0.0420,good,-176.3117,2.2545,good,0.3557,0.0737,caution,-0.4547,0.0301,good,-175.5111,0.5153,good
5.38,caution,0.4010,0.0468,good,-176.4086,2.1577,good,0.3499,0.0795,caution,-0.4521,0.0327,good,-175.5769,0.4495,good
5.42,caution,0.4027,0.0513,good,-176.4771,2.0891,good,0.3438,0.0856,caution,-0.4495,0.0354,good,-175.7288,0.2975,good
5.45,caution,0.4038,0.0542,good,-176.5323,2.0340,good,0.3388,0.0906,caution,-0.4477,0.0371,good,-175.9244,0.1020,good
5.48,caution,0.4052,0.0578,good,-176.5736,1.9926,good,0.3340,0.0954,caution,-0.4462,0.0386,good,-176.1228,0.0965,good
5.51,bad,0.4064,0.0609,good,-176.6217,1.9445,good,0.3294,0.1000,alert,-0.4459,0.0390,good,-176.3310,0.3046,good
5.54,bad,0.4077,0.0643,good,-176.6719,1.8943,good,0.3248,0.1046,alert,-0.4454,0.0395,good,-176.5364,0.5101,good
5.57,bad,0.4087,0.0669,good,-176.7537,1.8125,good,0.3209,0.1085,alert,-0.4450,0.0398,good,-176.8074,0.7810,good
5.60,bad,0.4095,0.0689,good,-176.7573,1.8089,good,0.3172,0.1122,alert,-0.4446,0.0402,good,-177.0528,1.0264,good
5.65,bad,0.4094,0.0687,good,-176.7471,1.8192,good,0.3142,0.1152,alert,-0.4449,0.0400,good,-177.2889,1.2625,good
5.70,bad,0.4089,0.0675,good,-176.7064,1.8598,good,0.3122,0.1172,alert,-0.4459,0.0390,good,-177.5613,1.5349,good
5.73,bad,0.4083,0.0658,good,-176.6946,1.8716,good,0.3106,0.1188,alert,-0.4463,0.0385,good,-177.8155,1.7891,good
5.75,bad,0.4079,0.0648,good,-176.6128,1.9535,good,0.3103,0.1192,alert,-0.4475,0.0374,good,-178.0430,2.0167,good
5.79,bad,0.4073,0.0632,good,-176.5099,2.0563,good,0.3107,0.1188,alert,-0.4491,0.0358,good,-178.2262,2.1998,good
5.82,bad,0.4068,0.0619,good,-176.5126,2.0536,good,0.3107,0.1187,alert,-0.4496,0.0353,good,-178.3544,2.3281,good
5.85,bad,0.4063,0.0608,good,-176.5668,1.9995,good,0.3115,0.1179,alert,-0.4503,0.0346,good,-178.4221,2.3957,good
5.88,bad,0.4059,0.0595,good,-176.7125,1.8538,good,0.3115,0.1179,alert,-0.4500,0.0349,good,-178.4874,2.4610,good
5.91,bad,0.4053,0.0580,good,-176.8126,1.7536,good,0.3130,0.1164,alert,-0.4499,0.0349,good,-178.5115,2.4851,good
5.94,bad,0.4041,0.0550,good,-176.9207,1.6456,good,0.3158,0.1137,alert,-0.4504,0.0345,good,-178.5748,2.5484,good
5.99,bad,0.4028,0.0516,good,-177.0638,1.5025,good,0.3185,0.1110,alert,-0.4510,0.0338,good,-178.6309,2.6045,good
6.03,bad,0.4018,0.0490,good,-177.2338,1.3324,good,0.3208,0.1086,alert,-0.4515,0.0334,good,-178.7753,2.7490,good
6.05,bad,0.4012,0.0472,good,-177.4116,1.1546,good,0.3229,0.1066,alert,-0.4519,0.0330,good,-148.9927,27.0336,alert
6.15,bad,0.4006,0.0458,good,-177.5931,0.9731,good,0.3255,0.1040,alert,-0.4539,0.0310,good,-119.4166,56.6098,alert
6.18,bad,0.4003,0.0450,good,-177.7895,0.7767,good,0.3276,0.1018,alert,-0.4554,0.0295,good,-89.8078,86.2186,alert
6.21,bad,0.3994,0.0426,good,-178.1165,0.4498,good,0.3289,0.1005,alert,-0.4561,0.0287,good,-60.2220,115.8043,alert
6.66,bad,0.4180,0.0912,caution,-150.9891,27.5771,alert,0.2987,0.1307,alert,-0.4194,0.0654,caution,-45.2963,130.7301,alert
6.69,bad,0.4366,0.1397,caution,-123.7558,54.8104,alert,0.2695,0.1600,alert,-0.3840,0.1009,alert,-30.3603,145.6661,alert
6.72,bad,0.4545,0.1865,alert,-96.5009,82.0654,alert,0.2396,0.1899,alert,-0.3485,0.1364,alert,-15.4519,160.5745,alert
6.75,bad,0.4719,0.2320,alert,-69.1890,109.3772,alert,0.2107,0.2188,alert,-0.3143,0.1706,alert,-0.5596,175.4668,alert
6.79,bad,0.4893,0.2772,alert,-41.9246,136.6416,alert,0.1807,0.2487,alert,-0.2794,0.2055,alert,14.3383,190.3647,alert
6.82,bad,0.5066,0.3225,alert,-14.6557,163.9105,alert,0.1498,0.2797,alert,-0.2441,0.2408,alert,29.2296,205.2560,alert
6.85,bad,0.5236,0.3669,alert,12.6273,191.1935,alert,0.1190,0.3105,alert,-0.2093,0.2756,alert,44.1625,220.1888,alert
6.88,bad,0.5401,0.4098,alert,39.9094,218.4756,alert,0.0884,0.3410,alert,-0.1748,0.3100,alert,59.0953,235.1216,alert
6.91,bad,0.5559,0.4512,alert,67.1791,245.7454,alert,0.0580,0.3715,alert,-0.1402,0.3447,alert,44.1380,220.1644,alert
6.95,bad,0.5704,0.4891,alert,94.4352,273.0015,alert,0.0273,0.4021,alert,-0.1044,0.3804,alert,29.3872,205.4136,alert
7.00,bad,0.5836,0.5234,alert,121.7141,300.2803,alert,-0.0023,0.4317,alert,-0.0697,0.4152,alert,14.6692,190.6956,alert
7.04,bad,0.5971,0.5588,alert,149.0496,327.6159,alert,-0.0318,0.4613,alert,-0.0350,0.4499,alert,0.0000,176.0264,alert
7.07,bad,0.5901,0.5405,alert,148.9301,327.4964,alert,-0.0303,0.4597,alert,-0.0374,0.4474,alert,0.0000,176.0264,alert
7.10,bad,0.5815,0.5179,alert,148.8007,327.3669,alert,-0.0284,0.4579,alert,-0.0404,0.4445,alert,0.0000,176.0264,alert
7.13,bad,0.5728,0.4953,alert,148.7007,327.2669,alert,-0.0258,0.4552,alert,-0.0437,0.4412,alert,0.0000,176.0264,alert
7.25,bad,0.5539,0.4459,alert,150.9727,329.5389,alert,0.0018,0.4276,alert,-0.0969,0.3880,alert,11.9653,187.9916,alert
7.29,bad,0.5348,0.3960,alert,153.2440,331.8102,alert,0.0298,0.3996,alert,-0.1290,0.3558,alert,11.9653,187.9916,alert
7.34,bad,0.5162,0.3475,alert,155.6315,334.1978,alert,0.0587,0.3708,alert,-0.1624,0.3224,alert,11.9653,187.9916,alert
7.36,bad,0.4980,0.3001,alert,158.0532,336.6194,alert,0.0874,0.3421,alert,-0.1953,0.2895,alert,11.9653,187.9916,alert
7.40,bad,0.4804,0.2541,alert,160.4336,338.9998,alert,0.1153,0.3142,alert,-0.2275,0.2574,alert,11.9653,187.9916,alert
7.42,bad,0.4637,0.2105,alert,162.9012,341.4674,alert,0.1433,0.2862,alert,-0.2599,0.2250,alert,11.9653,187.9916,alert
7.46,bad,0.4483,0.1703,alert,165.3556,343.9219,alert,0.1701,0.2593,alert,-0.2913,0.1936,alert,11.9653,187.9916,alert
7.49,bad,0.4340,0.1331,caution,167.8478,346.4140,alert,0.1966,0.2329,alert,-0.3225,0.1623,alert,11.9653,187.9916,alert
7.52,bad,0.4199,0.0962,caution,170.3445,348.9107,alert,0.2227,0.2067,alert,-0.3539,0.1310,alert,26.9011,202.9274,alert
7.55,bad,0.4071,0.0628,good,172.8381,351.4043,alert,0.2486,0.1808,alert,-0.3846,0.1003,alert,26.9011,202.9274,alert
7.58,bad,0.3959,0.0335,good,175.3374,353.9036,alert,0.2743,0.1552,alert,-0.4149,0.0700,caution,41.8150,217.8414,alert
7.61,bad,0.3854,0.0060,good,177.7795,356.3457,alert,0.2988,0.1306,alert,-0.4447,0.0402,good,56.7690,232.7954,alert
7.64,bad,0.3853,0.0059,good,177.8796,356.4459,alert,0.2988,0.1306,alert,-0.4248,0.0600,caution,59.7562,235.7825,alert
7.68,bad,0.3857,0.0069,good,177.8920,356.4582,alert,0.2974,0.1320,alert,-0.4251,0.0598,caution,74.6758,250.7022,alert
8.27,bad,0.3855,0.0063,good,177.7828,356.3490,alert,0.2979,0.1316,alert,-0.4260,0.0589,caution,74.6758,250.7022,alert
8.30,bad,0.3851,0.0052,good,177.6525,356.2188,alert,0.2990,0.1305,alert,-0.4285,0.0564,caution,74.6758,250.7022,alert
8.44,bad,0.3848,0.0045,good,177.6338,356.2001,alert,0.3018,0.1276,alert,-0.4319,0.0530,caution,74.6758,250.7022,alert
8.50,bad,0.3845,0.0039,good,177.5852,356.1515,alert,0.3046,0.1248,alert,-0.4347,0.0501,caution,74.6758,250.7022,alert
8.53,bad,0.3844,0.0034,good,177.5919,356.1582,alert,0.3083,0.1212,alert,-0.4381,0.0468,good,74.6758,250.7022,alert
8.56,bad,0.3842,0.0030,good,177.5796,356.1459,alert,0.3119,0.1176,alert,-0.4414,0.0435,good,74.6758,250.7022,alert
8.60,bad,0.3838,0.0019,good,177.5766,356.1429,alert,0.3160,0.1134,alert,-0.4445,0.0403,good,59.7401,235.7664,alert
8.63,bad,0.3833,0.0006,good,177.5727,356.1389,alert,0.3199,0.1095,alert,-0.4472,0.0377,good,59.7401,235.7664,alert
8.68,bad,0.3830,0.0003,good,177.5996,356.1658,alert,0.3239,0.1055,alert,-0.4501,0.0348,good,44.8261,220.8525,alert
8.72,bad,0.3824,0.0017,good,177.6795,356.2458,alert,0.3288,0.1007,alert,-0.4673,0.0176,good,43.0197,219.0461,alert
8.75,bad,0.3821,0.0025,good,177.6989,356.2651,alert,0.3332,0.0962,caution,-0.4843,0.0005,good,41.2200,217.2464,alert
8.78,bad,0.3818,0.0034,good,177.7853,356.3516,alert,0.3388,0.0906,caution,-0.5022,0.0173,good,39.4436,215.4700,alert
8.81,bad,0.3821,0.0026,good,177.8872,356.4534,alert,0.3417,0.0878,caution,-0.5041,0.0192,good,39.4436,215.4700,alert
8.89,bad,0.3826,0.0012,good,178.0164,356.5827,alert,0.3450,0.0844,caution,-0.5187,0.0338,good,52.5706,228.5970,alert
8.92,bad,0.3831,0.0000,good,178.0762,356.6425,alert,0.3472,0.0822,caution,-0.5328,0.0480,good,65.6976,241.7239,alert
9.03,bad,0.3830,0.0001,good,178.1327,356.6989,alert,0.3500,0.0794,caution,-0.5337,0.0488,good,65.6976,241.7239,alert
9.06,bad,0.3828,0.0008,good,178.1642,356.7305,alert,0.3528,0.0767,caution,-0.5345,0.0497,good,65.6976,241.7239,alert
9.09,bad,0.3827,0.0010,good,178.2039,356.7701,alert,0.3561,0.0734,caution,-0.5357,0.0509,caution,65.6976,241.7239,alert
9.31,bad,0.3840,0.0023,good,178.0459,356.6122,alert,0.3569,0.0726,caution,-0.5342,0.0493,good,65.6976,241.7239,alert
9.35,bad,0.3846,0.0039,good,177.8039,356.3701,alert,0.3591,0.0704,caution,-0.5344,0.0496,good,65.6976,241.7239,alert
9.39,bad,0.3854,0.0060,good,177.5254,356.0916,alert,0.3601,0.0693,caution,-0.5354,0.0505,caution,80.3863,256.4127,alert
9.45,bad,0.3863,0.0085,good,177.3535,355.9197,alert,0.3625,0.0670,caution,-0.5237,0.0389,good,81.7502,257.7765,alert
9.49,bad,0.3873,0.0111,good,177.1946,355.7609,alert,0.3649,0.0645,caution,-0.5117,0.0268,good,83.1265,259.1529,alert
9.53,bad,0.3884,0.0138,good,177.0482,355.6144,alert,0.3671,0.0623,caution,-0.4994,0.0146,good,84.5123,260.5387,alert
9.56,bad,0.3891,0.0157,good,176.8853,355.4515,alert,0.3698,0.0596,good,-0.5018,0.0169,good,98.9626,274.9889,alert
9.59,bad,0.3897,0.0173,good,176.6346,355.2009,alert,0.3704,0.0590,good,-0.4890,0.0041,good,100.2400,276.2664,alert
9.62,bad,0.3902,0.0187,good,176.3693,354.9355,alert,0.3708,0.0586,good,-0.4762,0.0087,good,101.5140,277.5403,alert
9.65,bad,0.3908,0.0201,good,176.2285,354.7947,alert,0.3718,0.0576,good,-0.4782,0.0067,good,115.9461,291.9725,alert
9.80,bad,0.3916,0.0222,good,175.9093,354.4755,alert,0.3730,0.0565,good,-0.4789,0.0060,good,130.4910,306.5174,alert
9.83,bad,0.3924,0.0245,good,175.6430,354.2092,alert,0.3740,0.0554,good,-0.4790,0.0059,good,145.0896,321.1160,alert
9.86,bad,0.3921,0.0237,good,175.5605,354.1268,alert,0.3774,0.0521,good,-0.4819,0.0030,good,159.6882,335.7146,alert
9.89,bad,0.3925,0.0248,good,175.6369,354.2032,alert,0.3794,0.0500,good,-0.4832,0.0016,good,174.3046,350.3309,alert
9.92,bad,0.3932,0.0265,good,175.7728,354.3391,alert,0.3814,0.0481,good,-0.4823,0.0025,good,174.2124,350.2388,alert
9.98,bad,0.3952,0.0316,good,175.6582,354.2244,alert,0.3783,0.0511,good,-0.4763,0.0086,good,174.3112,350.3376,alert
10.02,bad,0.3968,0.0359,good,175.5975,354.1638,alert,0.3750,0.0544,good,-0.4704,0.0145,good,174.4025,350.4288,alert
10.04,bad,0.3984,0.0399,good,175.5164,354.0826,alert,0.3718,0.0576,good,-0.4654,0.0194,good,174.4957,350.5220,alert
10.08,bad,0.4002,0.0447,good,175.4032,353.9695,alert,0.3680,0.0615,good,-0.4598,0.0251,good,174.6227,350.6491,alert
10.11,bad,0.4022,0.0501,good,175.3447,353.9109,alert,0.3647,0.0647,caution,-0.4544,0.0305,good,174.7664,350.7928,alert
10.17,bad,0.4038,0.0541,good,175.3760,353.9422,alert,0.3625,0.0670,caution,-0.4497,0.0352,good,174.8606,350.8870,alert
10.20,bad,0.4056,0.0589,good,175.2610,353.8273,alert,0.3588,0.0706,caution,-0.4435,0.0414,good,174.9236,350.9500,alert
10.24,bad,0.4066,0.0615,good,175.3581,353.9243,alert,0.3557,0.0737,caution,-0.4392,0.0457,good,174.9198,350.9461,alert
10.26,bad,0.4071,0.0628,good,175.4183,353.9845,alert,0.3523,0.0771,caution,-0.4355,0.0494,good,174.8633,350.8896,alert
10.30,bad,0.4071,0.0628,good,175.5003,354.0665,alert,0.3496,0.0798,caution,-0.4320,0.0529,caution,174.7476,350.7740,alert
10.33,bad,0.4069,0.0624,good,175.5637,354.1299,alert,0.3473,0.0821,caution,-0.4292,0.0557,caution,174.5989,350.6252,alert
10.36,bad,0.4062,0.0604,good,175.6053,354.1715,alert,0.3461,0.0833,caution,-0.4283,0.0565,caution,174.5342,350.5606,alert
10.39,bad,0.4041,0.0549,good,175.8725,354.4387,alert,0.3488,0.0806,caution,-0.4320,0.0529,caution,174.5266,350.5529,alert
10.42,bad,0.4020,0.0495,good,176.0133,354.5795,alert,0.3511,0.0784,caution,-0.4353,0.0496,good,174.5276,350.5540,alert
10.44,bad,0.4001,0.0446,good,176.2075,354.7737,alert,0.3532,0.0763,caution,-0.4376,0.0472,good,174.6105,350.6369,alert
10.48,bad,0.3985,0.0404,good,176.5523,355.1186,alert,0.3555,0.0739,caution,-0.4405,0.0444,good,174.7582,350.7845,alert
10.51,bad,0.3967,0.0356,good,176.9724,355.5387,alert,0.3594,0.0700,caution,-0.4445,0.0403,good,174.9743,351.0007,alert
10.54,bad,0.3949,0.0310,good,177.3001,355.8663,alert,0.3628,0.0667,caution,-0.4481,0.0368,good,175.2692,351.2955,alert
10.57,bad,0.3932,0.0264,good,177.6152,356.1814,alert,0.3660,0.0634,caution,-0.4512,0.0336,good,175.5370,351.5634,alert
10.61,bad,0.3920,0.0234,good,177.8598,356.4260,alert,0.3688,0.0607,good,-0.4537,0.0312,good,175.7798,351.8062,alert
10.63,bad,0.3908,0.0201,good,178.1254,356.6916,alert,0.3712,0.0582,good,-0.4556,0.0293,good,176.0732,352.0995,alert
10.67,bad,0.3898,0.0177,good,178.3575,356.9237,alert,0.3729,0.0565,good,-0.4583,0.0266,good,176.4151,352.4415,alert
10.70,bad,0.3887,0.0148,good,178.5418,357.1081,alert,0.3752,0.0542,good,-0.4614,0.0234,good,176.6973,352.7237,alert
10.75,bad,0.3878,0.0125,good,178.6904,357.2567,alert,0.3770,0.0524,good,-0.4631,0.0218,good,176.9387,352.9650,alert
10.78,bad,0.3867,0.0094,good,178.7576,357.3238,alert,0.3787,0.0508,good,-0.4648,0.0200,good,177.1257,353.1521,alert
10.80,bad,0.3856,0.0066,good,178.9067,357.4729,alert,0.3806,0.0488,good,-0.4671,0.0178,good,177.2986,353.3250,alert
10.84,bad,0.3847,0.0042,good,179.0087,357.5750,alert,0.3825,0.0469,good,-0.4688,0.0160,good,177.3053,353.3316,alert
10.87,bad,0.3839,0.0023,good,178.9941,357.5604,alert,0.3842,0.0453,good,-0.4702,0.0147,good,177.2380,353.2644,alert
10.90,bad,0.3833,0.0007,good,178.9492,357.5154,alert,0.3841,0.0453,good,-0.4705,0.0144,good,177.1421,353.1685,alert
10.93,bad,0.3838,0.0019,good,178.9177,357.4839,alert,0.3831,0.0463,good,-0.4697,0.0152,good,177.0368,353.0632,alert
10.96,bad,0.3840,0.0023,good,178.8968,357.4630,alert,0.3826,0.0469,good,-0.4694,0.0155,good,176.9843,353.0106,alert
10.99,bad,0.3843,0.0031,good,178.9008,357.4670,alert,0.3818,0.0476,good,-0.4695,0.0153,good,176.9069,352.9333,alert
11.03,bad,0.3845,0.0039,good,178.9007,357.4669,alert,0.3819,0.0475,good,-0.4706,0.0142,good,176.7691,352.7955,alert
11.06,bad,0.3859,0.0073,good,178.8520,357.4182,alert,0.3794,0.0500,good,-0.4677,0.0172,good,176.6008,352.6271,alert
11.10,bad,0.3870,0.0102,good,178.9180,357.4843,alert,0.3777,0.0517,good,-0.4649,0.0200,good,176.5318,352.5581,alert
11.14,bad,0.3875,0.0115,good,178.9331,357.4993,alert,0.3768,0.0527,good,-0.4627,0.0221,good,176.4615,352.4879,alert
11.17,bad,0.3884,0.0140,good,179.0084,357.5746,alert,0.3758,0.0536,good,-0.4599,0.0250,good,176.3754,352.4017,alert
11.21,bad,0.3895,0.0167,good,179.0750,357.6412,alert,0.3754,0.0540,good,-0.4575,0.0274,good,176.3340,352.3604,alert
11.24,bad,0.3901,0.0185,good,179.0905,357.6567,alert,0.3747,0.0547,good,-0.4551,0.0298,good,176.3581,352.3845,alert
11.27,bad,0.3903,0.0188,good,179.1094,357.6756,alert,0.3742,0.0552,good,-0.4528,0.0321,good,176.3690,352.3954,alert
11.30,bad,0.3902,0.0185,good,179.1116,357.6778,alert,0.3741,0.0553,good,-0.4513,0.0336,good,176.3762,352.4025,alert
11.34,bad,0.3899,0.0177,good,179.1334,357.6996,alert,0.3742,0.0552,good,-0.4499,0.0349,good,176.3644,352.3908,alert
11.37,bad,0.3899,0.0179,good,179.1211,357.6873,alert,0.3738,0.0556,good,-0.4487,0.0362,good,176.3559,352.3822,alert
11.40,bad,0.3902,0.0187,good,179.1344,357.7006,alert,0.3728,0.0566,good,-0.4466,0.0383,good,176.3623,352.3887,alert
11.43,bad,0.3904,0.0191,good,179.1477,357.7139,alert,0.3728,0.0567,good,-0.4462,0.0387,good,161.6645,337.6909,alert
11.48,bad,0.3893,0.0162,good,179.2353,357.8016,alert,0.3764,0.0530,good,-0.4496,0.0352,good,147.0081,323.0344,alert
11.50,bad,0.3892,0.0160,good,179.2218,357.7881,alert,0.3771,0.0524,good,-0.4509,0.0340,good,132.3272,308.3536,alert
11.54,bad,0.3889,0.0152,good,179.2378,357.8040,alert,0.3777,0.0517,good,-0.4530,0.0319,good,117.6242,293.6506,alert
11.59,bad,0.3883,0.0136,good,149.2518,327.8181,alert,0.3777,0.0517,good,-0.4546,0.0303,good,102.9207,278.9471,alert
11.62,bad,0.3876,0.0118,good,119.3012,297.8674,alert,0.3776,0.0519,good,-0.4566,0.0283,good,88.1679,264.1942,alert
11.65,bad,0.3869,0.0100,good,89.4428,268.0090,alert,0.3779,0.0516,good,-0.4594,0.0254,good,73.4319,249.4582,alert
11.68,bad,0.3861,0.0080,good,59.5711,238.1373,alert,0.3787,0.0507,good,-0.4623,0.0225,good,58.7632,234.7895,alert
11.71,bad,0.3855,0.0065,good,29.6855,208.2518,alert,0.3801,0.0494,good,-0.4650,0.0198,good,44.0878,220.1141,alert
11.74,bad,0.3846,0.0040,good,-0.1924,178.3739,alert,0.3833,0.0462,good,-0.4694,0.0155,good,29.4148,205.4412,alert
11.77,bad,0.3836,0.0013,good,-30.0303,148.5359,alert,0.3866,0.0428,good,-0.4733,0.0115,good,-0.2657,175.7606,alert
11.81,bad,0.3824,0.0017,good,-59.8491,118.7172,alert,0.3904,0.0390,good,-0.4774,0.0074,good,-14.9786,161.0477,alert
11.85,bad,0.3818,0.0033,good,-89.7236,88.8426,alert,0.3926,0.0368,good,-0.4790,0.0059,good,-29.9339,146.0925,alert
11.88,bad,0.3815,0.0040,good,-119.6116,58.9546,alert,0.3940,0.0354,good,-0.4801,0.0048,good,-44.8708,131.1556,alert
11.92,bad,0.3805,0.0067,good,-149.4865,29.0797,alert,0.3977,0.0318,good,-0.4832,0.0017,good,-59.7995,116.2269,alert
11.94,bad,0.3800,0.0080,good,-179.2940,0.7278,good,0.4009,0.0285,good,-0.4853,0.0005,good,-59.7995,116.2269,alert
11.98,bad,0.3797,0.0087,good,-179.1737,0.6075,good,0.4043,0.0251,good,-0.4871,0.0022,good,-59.7995,116.2269,alert
12.01,bad,0.3793,0.0097,good,-179.0569,0.4907,good,0.4086,0.0209,good,-0.4901,0.0052,good,-59.7995,116.2269,alert
12.04,bad,0.3788,0.0110,good,-178.8306,0.2644,good,0.4120,0.0174,good,-0.4922,0.0073,good,-44.8246,131.2018,alert
12.07,bad,0.3786,0.0118,good,-178.6185,0.0523,good,0.4154,0.0140,good,-0.4942,0.0093,good,-59.7930,116.2334,alert
12.10,bad,0.3781,0.0129,good,-178.3439,0.2224,good,0.4184,0.0110,good,-0.4958,0.0109,good,-59.7930,116.2334,alert
12.15,bad,0.3777,0.0140,good,-178.1399,0.4264,good,0.4199,0.0095,good,-0.4974,0.0126,good,-74.4895,101.5368,alert
12.18,bad,0.3772,0.0152,good,-177.8943,0.6720,good,0.4219,0.0076,good,-0.4992,0.0144,good,-74.0838,101.9426,alert
12.21,bad,0.3763,0.0176,good,-177.7266,0.8396,good,0.4215,0.0079,good,-0.5010,0.0162,good,-88.6363,87.3901,alert
12.24,bad,0.3754,0.0200,good,-177.3363,1.2300,good,0.4219,0.0076,good,-0.5051,0.0202,good,-73.6810,102.3454,alert
12.28,bad,0.3741,0.0233,good,-176.8945,1.6718,good,0.4226,0.0069,good,-0.5070,0.0221,good,-73.2756,102.7507,alert
12.31,bad,0.3731,0.0260,good,-176.3621,2.2042,good,0.4219,0.0075,good,-0.5084,0.0235,good,-72.9189,103.1075,alert
12.34,bad,0.3717,0.0296,good,-175.7915,2.7748,good,0.4228,0.0066,good,-0.5114,0.0266,good,-87.3277,88.6987,alert
12.38,bad,0.3704,0.0331,good,-175.2374,3.3288,good,0.4249,0.0045,good,-0.5144,0.0295,good,-101.6818,74.3445,alert
12.42,bad,0.3698,0.0346,good,-174.6328,3.9334,good,0.4264,0.0031,good,-0.5155,0.0306,good,-115.9490,60.0773,alert
12.44,bad,0.3699,0.0344,good,-174.0479,4.5184,good,0.4281,0.0013,good,-0.5164,0.0316,good,-145.3102,30.7162,alert
12.49,bad,0.3700,0.0342,good,-173.3022,5.2641,caution,0.4299,0.0005,good,-0.5184,0.0336,good,-144.7812,31.2451,alert
12.52,bad,0.3708,0.0320,good,-172.4461,6.1201,caution,0.4289,0.0005,good,-0.5188,0.0339,good,-159.2232,16.8031,alert
12.55,bad,0.3416,0.1083,caution,-172.6006,5.9657,caution,0.7016,0.2722,alert,-0.7587,0.2738,alert,-144.5267,31.4997,alert
12.58,bad,0.3123,0.1848,alert,-143.0315,35.5348,alert,1.0189,0.5895,alert,-1.0671,0.5823,alert,-115.8975,60.1288,alert
12.61,bad,0.2831,0.2610,alert,-143.1857,35.3806,alert,1.3706,0.9411,alert,-1.4041,0.9193,alert,-87.2457,88.7807,alert
12.65,bad,0.2539,0.3372,alert,-113.7097,64.8565,alert,1.6806,1.2512,alert,-1.6986,1.2137,alert,-73.1540,102.8723,alert
12.68,bad,0.2250,0.4127,alert,-84.3732,94.1930,alert,2.0171,1.5876,alert,-2.0218,1.5369,alert,-44.5314,131.4950,alert
12.71,bad,0.1960,0.4884,alert,-55.1919,123.3744,alert,2.3627,1.9332,alert,-2.3535,1.8687,alert,-15.9370,160.0894,alert
12.74,bad,0.1673,0.5633,alert,-25.9178,152.6484,alert,2.7241,2.2946,alert,-2.7003,2.2154,alert,12.4458,188.4722,alert
12.77,bad,0.1383,0.6390,alert,2.7276,181.2939,alert,3.1211,2.6917,alert,-3.0870,2.6022,alert,40.6886,216.7149,alert
12.82,bad,0.1089,0.7157,alert,2.1213,180.6875,alert,3.4945,3.0650,alert,-3.4510,2.9662,alert,68.8404,244.8667,alert
12.85,bad,0.0790,0.7937,alert,30.3294,208.8956,alert,3.8701,3.4407,alert,-3.8165,3.3316,alert,97.0950,273.1213,alert
12.90,bad,0.0491,0.8718,alert,58.4074,236.9736,alert,4.2452,3.8158,alert,-4.1808,3.6959,alert,125.4027,301.4291,alert
12.93,bad,0.0185,0.9517,alert,86.9815,265.5477,alert,4.6369,4.2074,alert,-4.5630,4.0782,alert,153.7632,329.7895,alert
12.95,bad,0.0179,0.9534,alert,87.1619,265.7281,alert,4.7659,4.3365,alert,-4.7242,4.2394,alert,167.7312,343.7575,alert
12.99,bad,0.0178,0.9535,alert,87.0081,265.5743,alert,4.7583,4.3289,alert,-4.7177,4.2328,alert,167.6873,343.7137,alert
13.02,bad,0.0181,0.9528,alert,116.4316,294.9979,alert,4.6789,4.2495,alert,-4.6454,4.1606,alert,167.5913,343.6177,alert
13.05,bad,0.0182,0.9525,alert,115.8337,294.4000,alert,4.6425,4.2131,alert,-4.6166,4.1318,alert,167.5236,343.5500,alert
13.08,bad,0.0182,0.9524,alert,115.2715,293.8377,alert,4.6016,4.1722,alert,-4.5851,4.1002,alert,167.4797,343.5060,alert
13.11,bad,0.0183,0.9521,alert,114.8505,293.4167,alert,4.5673,4.1379,alert,-4.5502,4.0654,alert,167.6127,343.6390,alert
13.16,bad,0.0188,0.9508,alert,114.4457,293.0119,alert,4.4492,4.0198,alert,-4.4424,3.9576,alert,167.7882,343.8146,alert
13.18,bad,0.0193,0.9496,alert,114.7793,293.3455,alert,4.3271,3.8977,alert,-4.3269,3.8421,alert,168.1143,344.1407,alert
13.22,bad,0.0197,0.9487,alert,144.2961,322.8623,alert,4.2283,3.7989,alert,-4.2340,3.7492,alert,168.4444,344.4708,alert
13.25,bad,0.0201,0.9476,alert,145.0957,323.6619,alert,4.1250,3.6956,alert,-4.1405,3.6557,alert,168.8228,344.8491,alert
13.28,bad,0.0204,0.9467,alert,145.7935,324.3597,alert,4.0427,3.6132,alert,-4.0665,3.5816,alert,169.2150,345.2414,alert
13.31,bad,0.0209,0.9454,alert,145.9560,324.5222,alert,3.9241,3.4947,alert,-3.9537,3.4689,alert,169.5735,345.5999,alert
13.35,bad,0.0215,0.9439,alert,175.3096,353.8758,alert,3.7997,3.3702,alert,-3.8233,3.3384,alert,169.9023,345.9287,alert
13.38,bad,0.0216,0.9436,alert,175.3498,353.9160,alert,3.7869,3.3575,alert,-3.8100,3.3251,alert,170.1985,346.2249,alert
13.41,bad,0.0214,0.9441,alert,145.8605,324.4268,alert,3.8219,3.3925,alert,-3.8446,3.3597,alert,170.5222,346.5486,alert
13.44,bad,0.0212,0.9446,alert,116.7088,295.2751,alert,3.8622,3.4327,alert,-3.8820,3.3972,alert,170.8499,346.8762,alert
13.49,bad,0.0215,0.9440,alert,117.4006,295.9669,alert,3.8276,3.3981,alert,-3.8406,3.3558,alert,171.1580,347.1844,alert
13.54,bad,0.0218,0.9432,alert,117.9818,296.5480,alert,3.7760,3.3465,alert,-3.7907,3.3058,alert,171.3279,347.3542,alert
13.57,bad,0.0217,0.9433,alert,118.3780,296.9443,alert,3.7910,3.3616,alert,-3.7975,3.3126,alert,171.5036,347.5300,alert
13.59,bad,0.0219,0.9427,alert,118.6289,297.1952,alert,3.7708,3.3413,alert,-3.7709,3.2861,alert,171.6118,347.6382,alert
13.63,bad,0.0222,0.9420,alert,118.8339,297.4001,alert,3.7387,3.3093,alert,-3.7324,3.2476,alert,171.6897,347.7161,alert
13.66,bad,0.0225,0.9412,alert,118.5445,297.1108,alert,3.7109,3.2814,alert,-3.6957,3.2108,alert,171.7433,347.7697,alert
13.69,bad,0.0228,0.9405,alert,118.2544,296.8206,alert,3.6786,3.2491,alert,-3.6582,3.1734,alert,171.7287,347.7551,alert
13.72,bad,0.0230,0.9399,alert,118.2634,296.8297,alert,3.6611,3.2316,alert,-3.6363,3.1515,alert,171.7296,347.7560,alert
13.75,bad,0.0233,0.9392,alert,88.7515,267.3177,alert,3.6280,3.1985,alert,-3.6029,3.1180,alert,171.7851,347.8115,alert
13.79,bad,0.0239,0.9376,alert,59.2074,237.7736,alert,3.5441,3.1147,alert,-3.5209,3.0361,alert,171.7733,347.7996,alert
13.83,bad,0.0244,0.9363,alert,59.4527,238.0190,alert,3.4764,3.0470,alert,-3.4551,2.9702,alert,171.7933,347.8196,alert
13.86,bad,0.0249,0.9351,alert,59.4932,238.0595,alert,3.4068,2.9774,alert,-3.3878,2.9030,alert,171.8116,347.8380,alert
13.89,bad,0.0250,0.9346,alert,29.7418,208.3080,alert,3.3894,2.9600,alert,-3.3753,2.8904,alert,171.8261,347.8525,alert
13.92,bad,0.0252,0.9342,alert,0.0693,178.6355,alert,3.3666,2.9371,alert,-3.3599,2.8750,alert,171.8677,347.8940,alert
13.96,bad,0.0254,0.9336,alert,-29.4873,149.0789,alert,3.3330,2.9035,alert,-3.3339,2.8490,alert,171.9109,347.9373,alert
13.99,bad,0.0259,0.9324,alert,-59.0891,119.4771,alert,3.2813,2.8518,alert,-3.2877,2.8029,alert,172.0030,348.0294,alert
14.02,bad,0.0262,0.9316,alert,-88.7396,89.8267,alert,3.2439,2.8145,alert,-3.2566,2.7718,alert,172.1279,348.1543,alert
14.05,bad,0.0264,0.9310,alert,-118.0736,60.4926,alert,3.2095,2.7800,alert,-3.2271,2.7423,alert,172.2395,348.2658,alert
14.08,bad,0.0270,0.9296,alert,-147.2038,31.3624,alert,3.1446,2.7151,alert,-3.1662,2.6813,alert,172.3758,348.4022,alert
14.11,bad,0.0275,0.9282,alert,-176.8415,1.7247,good,3.0757,2.6462,alert,-3.1016,2.6167,alert,172.4803,348.5067,alert
14.17,bad,0.0280,0.9270,alert,-176.5594,2.0068,good,3.0140,2.5845,alert,-3.0424,2.5575,alert,172.5553,348.5817,alert
14.21,bad,0.0281,0.9266,alert,-176.4956,2.0706,good,2.9954,2.5659,alert,-3.0261,2.5412,alert,172.6598,348.6862,alert
14.24,bad,0.0284,0.9258,alert,-176.5007,2.0656,good,2.9526,2.5232,alert,-2.9834,2.4985,alert,172.7141,348.7404,alert
14.27,bad,0.0291,0.9240,alert,-176.6803,1.8859,good,2.8832,2.4538,alert,-2.9148,2.4299,alert,172.6584,348.6848,alert
14.30,bad,0.0300,0.9218,alert,-176.8295,1.7367,good,2.8033,2.3739,alert,-2.8345,2.3496,alert,172.6126,348.6390,alert
14.33,bad,0.0307,0.9199,alert,-147.3224,31.2438,alert,2.7395,2.3101,alert,-2.7676,2.2827,alert,172.5061,348.5325,alert
14.36,bad,0.0319,0.9168,alert,-147.1357,31.4305,alert,2.6572,2.2278,alert,-2.6840,2.1992,alert,172.3004,348.3268,alert
14.39,bad,0.0326,0.9148,alert,-146.8298,31.7364,alert,2.6121,2.1826,alert,-2.6329,2.1480,alert,172.1014,348.1278,alert
14.42,bad,0.0333,0.9130,alert,-146.4452,32.1211,alert,2.5725,2.1430,alert,-2.5871,2.1022,alert,171.9842,348.0106,alert
14.45,bad,0.0342,0.9108,alert,-146.2091,32.3571,alert,2.5217,2.0923,alert,-2.5352,2.0503,alert,171.8425,347.8688,alert
14.49,bad,0.0349,0.9089,alert,-145.6747,32.8915,alert,2.4762,2.0467,alert,-2.4909,2.0061,alert,171.7968,347.8231,alert
14.52,bad,0.0352,0.9081,alert,-116.0622,62.5041,alert,2.4471,2.0176,alert,-2.4695,1.9847,alert,171.8837,347.9100,alert
14.55,bad,0.0357,0.9067,alert,-116.1271,62.4392,alert,2.4110,1.9816,alert,-2.4405,1.9556,alert,172.0925,348.1189,alert
14.58,bad,0.0365,0.9047,alert,-116.0256,62.5406,alert,2.3547,1.9253,alert,-2.3929,1.9081,alert,172.4630,348.4893,alert
14.61,bad,0.0374,0.9022,alert,-115.9179,62.6483,alert,2.2914,1.8619,alert,-2.3376,1.8528,alert,172.9998,349.0261,alert
14.64,bad,0.0385,0.8994,alert,-115.0601,63.5062,alert,2.2337,1.8043,alert,-2.2839,1.7990,alert,173.6497,349.6761,alert
14.67,bad,0.0397,0.8963,alert,-114.2241,64.3422,alert,2.1800,1.7505,alert,-2.2331,1.7482,alert,144.3600,320.3864,alert
14.71,bad,0.0411,0.8927,alert,-142.8983,35.6680,alert,2.1134,1.6839,alert,-2.1725,1.6876,alert,115.2284,291.2548,alert
14.75,bad,0.0424,0.8894,alert,-142.4182,36.1480,alert,2.0634,1.6340,alert,-2.1251,1.6402,alert,86.3097,262.3361,alert
14.78,bad,0.0443,0.8844,alert,-141.8210,36.7452,alert,1.9814,1.5520,alert,-2.0515,1.5666,alert,57.4303,233.4567,alert
14.81,bad,0.0463,0.8791,alert,-141.4737,37.0926,alert,1.8941,1.4646,alert,-1.9716,1.4867,alert,28.4794,204.5058,alert
14.85,bad,0.0484,0.8738,alert,-141.0674,37.4988,alert,1.8108,1.3813,alert,-1.8904,1.4055,alert,-0.3411,175.6852,alert
14.88,bad,0.0504,0.8684,alert,-141.0608,37.5054,alert,1.7361,1.3067,alert,-1.8142,1.3294,alert,-29.2281,146.7983,alert
14.92,bad,0.0526,0.8626,alert,-170.1946,8.3716,caution,1.6541,1.2246,alert,-1.7260,1.2411,alert,-58.2628,117.7636,alert
14.94,bad,0.0553,0.8558,alert,-169.7189,8.8473,caution,1.5753,1.1459,alert,-1.6412,1.1564,alert,-87.4468,88.5796,alert
14.98,bad,0.0580,0.8485,alert,-169.3937,9.1725,caution,1.4965,1.0671,alert,-1.5558,1.0710,alert,-116.6716,59.3547,alert
15.03,bad,0.0606,0.8417,alert,-169.1101,9.4561,caution,1.4267,0.9972,alert,-1.4799,0.9950,alert,-146.0653,29.9611,alert
15.07,bad,0.0628,0.8360,alert,-169.3430,9.2233,caution,1.3726,0.9432,alert,-1.4239,0.9390,alert,-175.4851,0.5413,good
15.10,bad,0.0647,0.8312,alert,-169.4194,9.1469,caution,1.3248,0.8953,alert,-1.3763,0.8914,alert,-174.9568,1.0696,good
15.14,bad,0.0663,0.8270,alert,-169.6750,8.8912,caution,1.2854,0.8559,alert,-1.3348,0.8499,alert,-174.6135,1.4129,good
15.16,bad,0.0674,0.8241,alert,-169.8681,8.6982,caution,1.2611,0.8316,alert,-1.3087,0.8238,alert,-174.4139,1.6124,good
15.20,bad,0.0681,0.8222,alert,-170.4327,8.1335,caution,1.2501,0.8207,alert,-1.2957,0.8108,alert,-174.2980,1.7283,good
15.23,bad,0.0686,0.8208,alert,-170.5493,8.0169,caution,1.2439,0.8145,alert,-1.2863,0.8014,alert,-174.1458,1.8806,good
15.26,bad,0.0691,0.8196,alert,-170.5425,8.0238,caution,1.2419,0.8125,alert,-1.2812,0.7963,alert,-174.0960,1.9303,good
15.29,bad,0.0699,0.8174,alert,-170.1383,8.4279,caution,1.2371,0.8077,alert,-1.2772,0.7923,alert,-159.5457,16.4807,alert
15.32,bad,0.0708,0.8151,alert,-169.7928,8.7735,caution,1.2359,0.8065,alert,-1.2742,0.7894,alert,-144.9801,31.0462,alert
15.36,bad,0.0711,0.8145,alert,-169.5089,9.0573,caution,1.2418,0.8123,alert,-1.2821,0.7972,alert,-130.4323,45.5941,alert
15.38,bad,0.0709,0.8149,alert,-169.0955,9.4707,caution,1.2574,0.8279,alert,-1.2995,0.8146,alert,-115.9792,60.0472,alert
15.42,bad,0.0711,0.8143,alert,-168.6407,9.9255,caution,1.2647,0.8352,alert,-1.3083,0.8234,alert,-101.5236,74.5027,alert
15.45,bad,0.0712,0.8140,alert,-168.1266,10.4396,alert,1.2742,0.8448,alert,-1.3190,0.8342,alert,-87.0681,88.9583,alert
15.48,bad,0.0715,0.8132,alert,-167.8027,10.7636,alert,1.2820,0.8525,alert,-1.3277,0.8428,alert,-72.6308,103.3956,alert
15.51,bad,0.0720,0.8120,alert,-167.8702,10.6960,alert,1.2825,0.8531,alert,-1.3303,0.8455,alert,-58.1028,117.9235,alert
15.54,bad,0.0727,0.8103,alert,-167.9980,10.5683,alert,1.2767,0.8473,alert,-1.3285,0.8436,alert,-43.5465,132.4799,alert
15.57,bad,0.0731,0.8091,alert,-168.1041,10.4621,alert,1.2697,0.8403,alert,-1.3203,0.8354,alert,-43.3599,132.6664,alert
15.61,bad,0.0733,0.8086,alert,-168.4285,10.1377,alert,1.2599,0.8305,alert,-1.3184,0.8336,alert,-28.8614,147.1649,alert
15.66,bad,0.0742,0.8063,alert,-168.5710,9.9952,caution,1.2402,0.8108,alert,-1.3068,0.8219,alert,-14.3609,161.6655,alert
15.70,bad,0.0747,0.8050,alert,-169.1108,9.4554,caution,1.2233,0.7939,alert,-1.2940,0.8092,alert,-14.3609,161.6655,alert
15.73,bad,0.0754,0.8032,alert,-169.6598,8.9064,caution,1.2033,0.7739,alert,-1.2759,0.7910,alert,-29.0589,146.9675,alert
15.76,bad,0.0754,0.8031,alert,-170.0493,8.5169,caution,1.1970,0.7676,alert,-1.2681,0.7833,alert,-43.7641,132.2622,alert
15.79,bad,0.0758,0.8021,alert,-170.6073,7.9589,caution,1.1835,0.7541,alert,-1.2517,0.7669,alert,-58.5057,117.5206,alert
15.82,bad,0.0756,0.8026,alert,-171.4366,7.1296,caution,1.1752,0.7458,alert,-1.2412,0.7564,alert,-73.2669,102.7594,alert
15.86,bad,0.0759,0.8019,alert,-172.3934,6.1728,caution,1.1591,0.7296,alert,-1.2232,0.7384,alert,-88.0838,87.9426,alert
15.88,bad,0.0756,0.8026,alert,-173.0047,5.5615,caution,1.1539,0.7245,alert,-1.2162,0.7314,alert,-102.9541,73.0723,alert
15.91,bad,0.0751,0.8040,alert,-173.0875,5.4787,caution,1.1579,0.7284,alert,-1.2166,0.7317,alert,-117.8090,58.2173,alert
15.95,bad,0.0738,0.8072,alert,-173.1543,5.4119,caution,1.1764,0.7470,alert,-1.2323,0.7474,alert,-132.6966,43.3298,alert
15.99,bad,0.0723,0.8111,alert,-173.0720,5.4943,caution,1.2054,0.7759,alert,-1.2668,0.7819,alert,-133.1697,42.8566,alert
16.03,bad,0.0713,0.8138,alert,-172.9537,5.6125,caution,1.2296,0.8001,alert,-1.2891,0.8043,alert,-148.0037,28.0226,alert
16.05,bad,0.0697,0.8181,alert,-172.8355,5.7307,caution,1.2586,0.8292,alert,-1.3178,0.8329,alert,-162.7958,13.2306,alert
16.09,bad,0.0678,0.8231,alert,-172.5969,5.9693,caution,1.2938,0.8643,alert,-1.3534,0.8686,alert,-177.6084,1.5821,good
16.12,bad,0.0658,0.8283,alert,-172.1575,6.4087,caution,1.3331,0.9037,alert,-1.3948,0.9100,alert,-177.9053,1.8789,good
16.15,bad,0.0630,0.8354,alert,-171.5697,6.9965,caution,1.4065,0.9770,alert,-1.4729,0.9880,alert,-178.0593,2.0329,good
16.18,bad,0.0605,0.8420,alert,-170.9114,7.6548,caution,1.4758,1.0463,alert,-1.5457,1.0609,alert,-178.0305,2.0041,good
16.21,bad,0.0581,0.8482,alert,-170.1221,8.4442,caution,1.5470,1.1176,alert,-1.6186,1.1338,alert,-178.0422,2.0158,good
16.39,bad,0.0556,0.8548,alert,-169.1014,9.4648,caution,1.6188,1.1894,alert,-1.6864,1.2016,alert,-178.1825,2.1561,good
16.48,bad,0.0826,0.7843,alert,-168.5909,9.9754,caution,1.5529,1.1234,alert,-1.6247,1.1398,alert,-177.5952,1.5688,good
18.07,bad,0.0853,0.7773,alert,-168.6500,9.9162,caution,1.5277,1.0982,alert,-1.5973,1.1125,alert,-147.8326,28.1938,alert
18.13,bad,0.1126,0.7060,alert,-168.4325,10.1338,alert,1.4448,1.0154,alert,-1.5197,1.0348,alert,-147.2525,28.7738,alert
18.16,bad,0.1408,0.6325,alert,-168.1136,10.4526,alert,1.3537,0.9243,alert,-1.4303,0.9454,alert,-146.8038,29.2225,alert
18.20,bad,0.1688,0.5594,alert,-167.7234,10.8428,alert,1.2626,0.8332,alert,-1.3413,0.8564,alert,-146.2898,29.7366,alert
18.22,bad,0.1966,0.4869,alert,-167.6750,10.8912,alert,1.1757,0.7462,alert,-1.2557,0.7709,alert,-145.8340,30.1924,alert
18.41,bad,0.2250,0.4126,alert,-167.7435,10.8228,alert,1.0820,0.6525,alert,-1.1619,0.6771,alert,-145.3780,30.6484,alert
18.44,bad,0.2533,0.3388,alert,-167.8199,10.7463,alert,0.9867,0.5573,alert,-1.0672,0.5823,alert,-144.6996,31.3268,alert
18.47,bad,0.2826,0.2623,alert,-168.1993,10.3669,alert,0.8445,0.4151,alert,-0.9241,0.4392,alert,-144.1474,31.8790,alert
18.51,bad,0.3115,0.1868,alert,-168.5095,10.0568,alert,0.7114,0.2819,alert,-0.7918,0.3070,alert,-143.7585,32.2679,alert
18.54,bad,0.3403,0.1116,caution,-168.7197,9.8465,caution,0.5778,0.1484,alert,-0.6610,0.1761,alert,-143.3738,32.6526,alert
18.57,bad,0.3692,0.0362,good,-169.1532,9.4131,caution,0.4491,0.0197,good,-0.5405,0.0556,caution,-142.8427,33.1836,alert
18.60,bad,0.3690,0.0368,good,-169.2178,9.3484,caution,0.4505,0.0211,good,-0.5415,0.0566,caution,-142.9595,33.0668,alert
18.64,caution,0.3926,0.0248,good,-168.8707,9.6955,caution,0.4050,0.0245,good,-0.5044,0.0195,good,-172.2765,3.7498,caution
18.68,bad,0.3917,0.0226,good,-168.7436,9.8226,caution,0.4059,0.0236,good,-0.5018,0.0170,good,-157.9690,18.0573,alert
18.71,bad,0.3914,0.0217,good,-168.8036,9.7626,caution,0.4069,0.0226,good,-0.5021,0.0173,good,-157.9579,18.0684,alert
18.74,bad,0.3910,0.0208,good,-168.9711,9.5952,caution,0.4090,0.0204,good,-0.5002,0.0153,good,-143.6380,32.3884,alert
18.78,bad,0.3904,0.0191,good,-168.9468,9.6194,caution,0.4099,0.0195,good,-0.5017,0.0168,good,-143.9041,32.1223,alert
18.80,bad,0.3897,0.0174,good,-168.9663,9.5999,caution,0.4129,0.0165,good,-0.5043,0.0195,good,-144.0603,31.9661,alert
18.87,bad,0.3670,0.0419,good,-140.1465,38.4198,alert,0.4338,0.0043,good,-0.5200,0.0351,good,-144.5827,31.4436,alert
18.90,bad,0.3443,0.1013,caution,-111.6083,66.9579,alert,0.4512,0.0217,good,-0.5360,0.0511,caution,-115.3887,60.6377,alert
18.96,bad,0.3430,0.1045,caution,-111.5600,67.0062,alert,0.4546,0.0251,good,-0.5365,0.0517,caution,-101.0648,74.9616,alert
19.01,bad,0.3428,0.1052,caution,-111.5891,66.9771,alert,0.4575,0.0281,good,-0.5398,0.0550,caution,-100.9864,75.0400,alert
19.04,bad,0.3423,0.1065,caution,-111.5166,67.0496,alert,0.4590,0.0295,good,-0.5433,0.0584,caution,-100.9434,75.0830,alert
19.09,bad,0.3418,0.1077,caution,-111.7193,66.8469,alert,0.4595,0.0300,good,-0.5463,0.0614,caution,-100.9289,75.0975,alert
19.11,bad,0.3422,0.1066,caution,-112.0488,66.5175,alert,0.4596,0.0302,good,-0.5464,0.0615,caution,-101.0872,74.9391,alert
19.15,bad,0.3432,0.1040,caution,-112.4354,66.1309,alert,0.4584,0.0290,good,-0.5484,0.0636,caution,-115.8146,60.2117,alert
19.17,bad,0.3436,0.1031,caution,-112.7049,65.8613,alert,0.4574,0.0280,good,-0.5489,0.0641,caution,-116.2501,59.7763,alert
19.21,bad,0.3444,0.1010,caution,-112.9266,65.6396,alert,0.4555,0.0261,good,-0.5501,0.0652,caution,-131.0926,44.9337,alert
19.24,bad,0.3450,0.0994,caution,-113.2787,65.2875,alert,0.4538,0.0244,good,-0.5478,0.0630,caution,-131.3151,44.7112,alert
19.27,bad,0.3454,0.0983,caution,-113.6520,64.9142,alert,0.4499,0.0205,good,-0.5442,0.0593,caution,-131.4680,44.5584,alert
19.31,bad,0.3682,0.0388,good,-142.9395,35.6267,alert,0.4281,0.0013,good,-0.5265,0.0417,good,-131.3069,44.7195,alert
19.35,bad,0.3912,0.0212,good,-171.9890,6.5772,caution,0.4095,0.0200,good,-0.5084,0.0235,good,-160.8613,15.1650,alert
19.38,caution,0.3927,0.0252,good,-172.5646,6.0016,caution,0.4042,0.0252,good,-0.5056,0.0207,good,-175.7186,0.3078,good
19.41,caution,0.3932,0.0266,good,-173.0522,5.5141,caution,0.3979,0.0315,good,-0.4984,0.0136,good,-176.2471,0.2208,good
19.44,bad,0.3936,0.0275,good,-173.6025,4.9637,good,0.3940,0.0354,good,-0.4913,0.0064,good,-146.8762,29.1502,alert
19.48,bad,0.3939,0.0282,good,-173.9931,4.5731,good,0.3914,0.0380,good,-0.4864,0.0015,good,-117.5578,58.4686,alert
19.51,bad,0.3948,0.0306,good,-174.2709,4.2953,good,0.3867,0.0427,good,-0.4830,0.0018,good,-88.0584,87.9680,alert
19.54,bad,0.3948,0.0308,good,-174.5268,4.0394,good,0.3843,0.0451,good,-0.4824,0.0025,good,-88.2966,87.7298,alert
19.57,bad,0.3946,0.0302,good,-174.7518,3.8144,good,0.3831,0.0463,good,-0.4805,0.0044,good,-73.4869,102.5395,alert
19.62,bad,0.3931,0.0263,good,-174.9452,3.6210,good,0.3836,0.0458,good,-0.4818,0.0031,good,-58.6443,117.3820,alert
19.97,bad,0.3923,0.0242,good,-175.3144,3.2518,good,0.3809,0.0485,good,-0.4790,0.0059,good,-43.8195,132.2069,alert
20.02,bad,0.3913,0.0216,good,-175.7775,2.7887,good,0.3797,0.0497,good,-0.4791,0.0058,good,-29.1537,146.8726,alert
20.07,bad,0.3903,0.0188,good,-176.1415,2.4248,good,0.3779,0.0515,good,-0.4794,0.0054,good,-14.4759,161.5505,alert
20.10,bad,0.3894,0.0166,good,-146.6104,31.9558,alert,0.3763,0.0532,good,-0.4798,0.0050,good,14.8976,190.9240,alert
20.13,bad,0.3887,0.0147,good,-117.0825,61.4837,alert,0.3736,0.0559,good,-0.4786,0.0063,good,44.4787,220.5050,alert
20.16,bad,0.3896,0.0170,good,-87.5445,91.0218,alert,0.3699,0.0596,good,-0.4762,0.0086,good,73.9884,250.0148,alert
20.19,bad,0.3912,0.0211,good,-57.9853,120.5810,alert,0.3653,0.0642,caution,-0.4732,0.0117,good,73.7409,249.7673,alert
20.22,bad,0.3920,0.0234,good,-28.4782,150.0880,alert,0.3601,0.0694,caution,-0.4688,0.0160,good,73.6256,249.6520,alert
20.25,bad,0.3921,0.0235,good,1.0317,179.5979,alert,0.3570,0.0724,caution,-0.4644,0.0205,good,73.4387,249.4651,alert
20.28,bad,0.3926,0.0250,good,30.6165,209.1828,alert,0.3541,0.0753,caution,-0.4598,0.0251,good,103.1503,279.1766,alert
20.31,bad,0.3934,0.0271,good,30.2948,208.8610,alert,0.3510,0.0784,caution,-0.4566,0.0283,good,117.8757,293.9020,alert
20.36,bad,0.3949,0.0309,good,59.8378,238.4040,alert,0.3466,0.0829,caution,-0.4524,0.0324,good,132.6139,308.6403,alert
20.39,bad,0.3963,0.0345,good,89.5855,268.1517,alert,0.3457,0.0837,caution,-0.4519,0.0330,good,147.3522,323.3785,alert
20.42,bad,0.3978,0.0386,good,89.5260,268.0922,alert,0.3434,0.0860,caution,-0.4490,0.0358,good,162.1179,338.1443,alert
20.45,bad,0.3991,0.0419,good,89.4549,268.0211,alert,0.3413,0.0881,caution,-0.4465,0.0383,good,176.8023,352.8287,alert
20.48,bad,0.4000,0.0442,good,89.5136,268.0798,alert,0.3389,0.0906,caution,-0.4433,0.0416,good,176.8307,352.8571,alert
20.52,bad,0.4007,0.0459,good,59.6163,238.1825,alert,0.3385,0.0909,caution,-0.4417,0.0432,good,176.8838,352.9102,alert
20.55,bad,0.4000,0.0442,good,29.7408,208.3070,alert,0.3391,0.0903,caution,-0.4410,0.0439,good,176.9786,353.0049,alert
20.58,bad,0.3984,0.0401,good,29.8372,208.4034,alert,0.3410,0.0884,caution,-0.4418,0.0431,good,176.9935,353.0198,alert
20.63,bad,0.3976,0.0380,good,29.8062,208.3724,alert,0.3441,0.0853,caution,-0.4436,0.0412,good,176.9443,352.9707,alert
20.65,bad,0.3958,0.0333,good,-0.0969,178.4693,alert,0.3470,0.0825,caution,-0.4440,0.0409,good,176.8307,352.8571,alert
20.69,bad,0.3929,0.0256,good,-29.9364,148.6298,alert,0.3533,0.0762,caution,-0.4478,0.0370,good,147.4411,323.4674,alert
20.73,bad,0.3896,0.0172,good,-29.8766,148.6897,alert,0.3594,0.0700,caution,-0.4519,0.0329,good,118.0720,294.0984,alert
20.76,bad,0.3887,0.0147,good,-59.6589,118.9073,alert,0.3657,0.0638,caution,-0.4577,0.0272,good,88.4935,264.5199,alert
20.79,bad,0.3847,0.0042,good,-89.2705,89.2957,alert,0.3843,0.0451,good,-0.4694,0.0155,good,59.5529,235.5792,alert
20.83,bad,0.3817,0.0036,good,-59.6095,118.9568,alert,0.4101,0.0194,good,-0.4890,0.0041,good,30.6645,206.6908,alert
20.86,bad,0.3794,0.0097,good,-59.3352,119.2310,alert,0.4427,0.0133,good,-0.5149,0.0300,good,2.0676,178.0940,alert
20.88,bad,0.3791,0.0102,good,-59.4855,119.0807,alert,0.4757,0.0462,good,-0.5419,0.0570,caution,-26.9389,149.0875,alert
20.92,bad,0.3780,0.0133,good,-29.5677,148.9985,alert,0.5121,0.0827,caution,-0.5722,0.0873,caution,-55.8359,120.1905,alert
20.98,bad,0.3773,0.0151,good,0.2389,178.8051,alert,0.5113,0.0819,caution,-0.5755,0.0907,caution,-70.6020,105.4243,alert
21.03,bad,0.3770,0.0157,good,0.0785,178.6447,alert,0.5473,0.1179,alert,-0.6059,0.1210,alert,-85.3573,90.6690,alert
21.05,bad,0.3766,0.0168,good,0.0340,178.6003,alert,0.5813,0.1519,alert,-0.6341,0.1492,alert,-100.1259,75.9004,alert
21.08,bad,0.3808,0.0059,good,28.0695,206.6357,alert,0.5590,0.1295,alert,-0.6289,0.1441,alert,-101.6541,74.3723,alert
21.24,bad,0.3945,0.0299,good,56.4397,235.0059,alert,0.5300,0.1006,alert,-0.6010,0.1162,alert,-72.6381,103.3883,alert
21.27,bad,0.4099,0.0700,good,84.6576,263.2239,alert,0.5033,0.0738,caution,-0.5754,0.0905,caution,-43.5893,132.4370,alert
21.30,bad,0.4242,0.1073,caution,112.7175,291.2838,alert,0.4764,0.0470,good,-0.5477,0.0629,caution,-28.7491,147.2773,alert
21.37,bad,0.4433,0.1574,caution,140.8185,319.3847,alert,0.4341,0.0047,good,-0.5124,0.0275,good,-14.5467,161.4797,alert
21.40,bad,0.4613,0.2041,alert,139.6094,318.1756,alert,0.3853,0.0441,good,-0.4701,0.0147,good,-0.4240,175.6024,alert
21.43,bad,0.4798,0.2525,alert,167.8003,346.3666,alert,0.3284,0.1010,alert,-0.4196,0.0653,caution,28.4545,204.4809,alert
21.46,bad,0.4981,0.3004,alert,166.4563,345.0225,alert,0.2711,0.1583,alert,-0.3675,0.1174,alert,57.6643,233.6907,alert
21.68,bad,0.4970,0.2975,alert,136.7987,315.3650,alert,0.2361,0.1934,alert,-0.3391,0.1458,alert,86.5227,262.5491,alert
21.74,bad,0.4961,0.2951,alert,107.1140,285.6802,alert,0.2411,0.1883,alert,-0.3389,0.1460,alert,101.2993,277.3256,alert
21.89,bad,0.4958,0.2944,alert,77.3587,255.9249,alert,0.2054,0.2241,alert,-0.3103,0.1746,alert,116.2112,292.2376,alert
21.99,bad,0.4951,0.2925,alert,47.6297,226.1959,alert,0.1682,0.2612,alert,-0.2811,0.2037,alert,131.0851,307.1115,alert
22.16,bad,0.4908,0.2812,alert,19.5983,198.1646,alert,0.1881,0.2413,alert,-0.2872,0.1976,alert,132.8505,308.8768,alert
22.23,bad,0.4782,0.2483,alert,21.0255,199.5917,alert,0.2114,0.2181,alert,-0.3114,0.1735,alert,133.3794,309.4058,alert
22.41,bad,0.4639,0.2111,alert,22.6774,201.2436,alert,0.2327,0.1967,alert,-0.3334,0.1514,alert,133.8355,309.8618,alert
22.53,bad,0.4486,0.1711,alert,24.4149,202.9811,alert,0.2544,0.1751,alert,-0.3554,0.1294,alert,148.7299,324.7563,alert
22.71,bad,0.4316,0.1266,caution,25.7879,204.3541,alert,0.2790,0.1505,alert,-0.3775,0.1074,alert,163.5353,339.5617,alert
22.74,bad,0.4145,0.0819,caution,27.2116,205.7778,alert,0.3043,0.1251,alert,-0.4001,0.0848,caution,178.3627,354.3890,alert
22.77,bad,0.3962,0.0343,good,28.6532,207.2195,alert,0.3307,0.0987,caution,-0.4243,0.0605,caution,178.2623,354.2886,alert
22.82,bad,0.3762,0.0179,good,30.0505,208.6167,alert,0.3574,0.0720,caution,-0.4498,0.0351,good,178.1967,354.2231,alert
22.84,bad,0.3766,0.0169,good,59.6367,238.2030,alert,0.3581,0.0713,caution,-0.4480,0.0369,good,178.3034,354.3298,alert
22.88,bad,0.3763,0.0175,good,89.3380,267.9043,alert,0.3568,0.0726,caution,-0.4459,0.0390,good,178.3016,354.3280,alert
22.91,bad,0.3754,0.0199,good,119.1020,297.6683,alert,0.3585,0.0710,caution,-0.4446,0.0403,good,178.1857,354.2120,alert
22.93,bad,0.3750,0.0211,good,148.8165,327.3828,alert,0.3617,0.0677,caution,-0.4439,0.0410,good,178.1304,354.1568,alert
22.97,bad,0.3746,0.0222,good,178.6655,357.2318,alert,0.3649,0.0646,caution,-0.4435,0.0414,good,178.0853,354.1117,alert
23.00,bad,0.3738,0.0243,good,178.6157,357.1819,alert,0.3679,0.0616,good,-0.4442,0.0406,good,178.0026,354.0290,alert
23.05,bad,0.3730,0.0262,good,178.4855,357.0518,alert,0.3706,0.0588,good,-0.4449,0.0400,good,177.9954,354.0218,alert
23.08,bad,0.3725,0.0277,good,178.4180,356.9843,alert,0.3735,0.0560,good,-0.4460,0.0389,good,177.9472,353.9736,alert
23.11,bad,0.3720,0.0288,good,178.5456,357.1118,alert,0.3759,0.0535,good,-0.4484,0.0365,good,178.0325,354.0588,alert
23.14,bad,0.3716,0.0299,good,178.6331,357.1993,alert,0.3777,0.0517,good,-0.4504,0.0345,good,178.1092,354.1356,alert
23.17,bad,0.3714,0.0304,good,178.7177,357.2839,alert,0.3798,0.0496,good,-0.4523,0.0325,good,178.1489,354.1752,alert
23.21,bad,0.3712,0.0309,good,148.8909,327.4571,alert,0.3827,0.0468,good,-0.4551,0.0298,good,178.2126,354.2390,alert
23.24,bad,0.3707,0.0321,good,119.1102,297.6764,alert,0.3859,0.0436,good,-0.4583,0.0266,good,148.3885,324.4149,alert
23.27,bad,0.3702,0.0335,good,89.3311,267.8974,alert,0.3888,0.0406,good,-0.4613,0.0236,good,148.5661,324.5925,alert
23.30,bad,0.3699,0.0343,good,59.5742,238.1404,alert,0.3917,0.0377,good,-0.4642,0.0207,good,148.7433,324.7697,alert
23.34,bad,0.3697,0.0349,good,29.8327,208.3989,alert,0.3945,0.0349,good,-0.4669,0.0179,good,118.9619,294.9883,alert
23.39,bad,0.3697,0.0350,good,0.0942,178.6605,alert,0.3968,0.0327,good,-0.4693,0.0156,good,89.1706,265.1969,alert
23.42,bad,0.3699,0.0344,good,-29.6502,148.9160,alert,0.3981,0.0313,good,-0.4703,0.0146,good,59.4343,235.4607,alert
23.46,bad,0.3703,0.0334,good,-59.3922,119.1740,alert,0.3993,0.0301,good,-0.4713,0.0136,good,29.6704,205.6967,alert
23.49,bad,0.3708,0.0321,good,-89.2152,89.3511,alert,0.3997,0.0298,good,-0.4721,0.0128,good,-0.1208,175.9056,alert
23.52,bad,0.3711,0.0312,good,-119.0725,59.4937,alert,0.4000,0.0294,good,-0.4730,0.0119,good,-29.9238,146.1026,alert
23.55,bad,0.3716,0.0300,good,-148.9365,29.6297,alert,0.4001,0.0293,good,-0.4739,0.0110,good,-59.7342,116.2922,alert
23.58,bad,0.3722,0.0283,good,-178.8494,0.2832,good,0.3994,0.0300,good,-0.4741,0.0108,good,-89.5377,86.4887,alert
23.61,bad,0.3726,0.0273,good,-178.8357,0.2694,good,0.3981,0.0313,good,-0.4741,0.0108,good,-119.4023,56.6241,alert
23.64,bad,0.3730,0.0264,good,-178.7830,0.2167,good,0.3964,0.0330,good,-0.4740,0.0109,good,-119.3300,56.6964,alert
23.67,bad,0.3730,0.0263,good,-178.7104,0.1442,good,0.3952,0.0342,good,-0.4747,0.0102,good,-149.2204,26.8059,alert
23.72,good,0.3728,0.0268,good,-178.6501,0.0838,good,0.3940,0.0355,good,-0.4759,0.0090,good,-179.1492,3.1228,good
23.75,good,0.3725,0.0275,good,-178.5592,0.0070,good,0.3925,0.0369,good,-0.4765,0.0083,good,-179.1303,3.1039,good
23.78,good,0.3726,0.0274,good,-178.5318,0.0345,good,0.3911,0.0383,good,-0.4766,0.0083,good,-179.1320,3.1056,good
23.81,good,0.3723,0.0281,good,-178.5218,0.0444,good,0.3905,0.0389,good,-0.4779,0.0070,good,-179.1924,3.1660,good
23.84,good,0.3718,0.0293,good,-178.5203,0.0459,good,0.3898,0.0396,good,-0.4783,0.0065,good,-179.2377,3.2113,good
23.88,good,0.3712,0.0310,good,-178.5199,0.0463,good,0.3895,0.0399,good,-0.4788,0.0061,good,-179.2492,3.2228,good
23.90,good,0.3706,0.0326,good,-178.4874,0.0789,good,0.3891,0.0403,good,-0.4783,0.0066,good,-179.2187,3.1923,good
23.94,good,0.3698,0.0346,good,-178.4664,0.0998,good,0.3892,0.0402,good,-0.4777,0.0071,good,-179.1908,3.1644,good
23.98,good,0.3691,0.0365,good,-178.3919,0.1743,good,0.3900,0.0395,good,-0.4780,0.0069,good,-179.1532,3.1269,good
24.02,good,0.3688,0.0373,good,-178.4073,0.1589,good,0.3910,0.0385,good,-0.4784,0.0065,good,-179.0964,3.0700,good
24.05,good,0.3699,0.0345,good,-178.3460,0.2203,good,0.3888,0.0407,good,-0.4763,0.0085,good,-179.0823,3.0559,good
24.09,good,0.3712,0.0309,good,-178.2913,0.2750,good,0.3867,0.0428,good,-0.4741,0.0108,good,-179.0368,3.0104,good
24.12,good,0.3728,0.0268,good,-178.2600,0.3063,good,0.3862,0.0432,good,-0.4719,0.0130,good,-178.9776,2.9512,good
24.16,bad,0.3741,0.0233,good,-178.3226,0.2437,good,0.3853,0.0441,good,-0.4683,0.0166,good,-149.1268,26.8996,alert
24.19,bad,0.3751,0.0209,good,-178.2926,0.2736,good,0.3847,0.0448,good,-0.4651,0.0198,good,-119.2359,56.7905,alert
24.22,bad,0.3762,0.0178,good,-178.2631,0.3031,good,0.3831,0.0463,good,-0.4610,0.0239,good,-119.2506,56.7758,alert
24.24,bad,0.3775,0.0144,good,-178.2054,0.3609,good,0.3816,0.0479,good,-0.4578,0.0270,good,-89.4078,86.6185,alert
24.28,bad,0.3791,0.0105,good,-178.0718,0.4944,good,0.3805,0.0489,good,-0.4550,0.0299,good,-89.4301,86.5963,alert
24.31,bad,0.3803,0.0072,good,-178.0433,0.5229,good,0.3802,0.0492,good,-0.4529,0.0320,good,-59.6163,116.4101,alert
24.34,bad,0.3820,0.0028,good,-178.0279,0.5383,good,0.3801,0.0494,good,-0.4504,0.0345,good,-29.7653,146.2611,alert
24.39,bad,0.3832,0.0005,good,-177.9225,0.6437,good,0.3789,0.0505,good,-0.4491,0.0357,good,-29.8882,146.1381,alert
24.43,bad,0.3845,0.0039,good,-177.7334,0.8328,good,0.3770,0.0525,good,-0.4468,0.0381,good,-30.0001,146.0262,alert
24.47,bad,0.3849,0.0049,good,-177.7770,0.7892,good,0.3783,0.0512,good,-0.4455,0.0394,good,-29.8488,146.1776,alert
24.50,bad,0.3853,0.0058,good,-177.8093,0.7570,good,0.3802,0.0493,good,-0.4441,0.0407,good,-29.7697,146.2566,alert
24.53,bad,0.3855,0.0064,good,-177.8311,0.7351,good,0.3808,0.0487,good,-0.4427,0.0421,good,-29.5404,146.4859,alert
24.56,bad,0.3862,0.0083,good,-177.7214,0.8448,good,0.3824,0.0470,good,-0.4439,0.0409,good,-59.2710,116.7554,alert
24.58,bad,0.3868,0.0098,good,-177.6846,0.8816,good,0.3830,0.0464,good,-0.4451,0.0398,good,-88.8194,87.2070,alert
24.62,bad,0.3875,0.0115,good,-177.6495,0.9167,good,0.3829,0.0466,good,-0.4456,0.0392,good,-88.4540,87.5724,alert
24.65,bad,0.3879,0.0125,good,-177.6078,0.9584,good,0.3836,0.0458,good,-0.4465,0.0384,good,-118.0166,58.0097,alert
24.69,bad,0.3881,0.0130,good,-177.6211,0.9451,good,0.3836,0.0459,good,-0.4461,0.0387,good,-117.7049,58.3215,alert
24.73,bad,0.3885,0.0141,good,-177.5635,1.0027,good,0.3836,0.0458,good,-0.4465,0.0384,good,-147.3231,28.7032,alert
24.76,good,0.3886,0.0146,good,-177.4852,1.0810,good,0.3831,0.0463,good,-0.4470,0.0379,good,-176.9820,0.9556,good
24.79,good,0.3887,0.0147,good,-177.5005,1.0657,good,0.3834,0.0461,good,-0.4463,0.0385,good,-176.7254,0.6991,good
24.82,good,0.3887,0.0148,good,-177.5294,1.0369,good,0.3841,0.0453,good,-0.4455,0.0394,good,-176.4601,0.4337,good
24.85,good,0.3885,0.0142,good,-177.4355,1.1307,good,0.3854,0.0440,good,-0.4462,0.0386,good,-176.4101,0.3837,good
24.88,good,0.3883,0.0137,good,-177.3474,1.2189,good,0.3858,0.0437,good,-0.4470,0.0378,good,-176.2845,0.2581,good
24.92,good,0.3880,0.0130,good,-177.2662,1.3001,good,0.3854,0.0440,good,-0.4472,0.0377,good,-176.3873,0.3609,good
24.95,good,0.3876,0.0118,good,-177.2400,1.3262,good,0.3846,0.0448,good,-0.4461,0.0388,good,-176.3061,0.2797,good
24.98,good,0.3869,0.0100,good,-177.2229,1.3433,good,0.3850,0.0444,good,-0.4453,0.0396,good,-176.4478,0.4214,good
25.01,good,0.3860,0.0078,good,-177.2140,1.3522,good,0.3861,0.0433,good,-0.4450,0.0399,good,-176.6703,0.6439,good
25.06,good,0.3848,0.0046,good,-177.2639,1.3023,good,0.3883,0.0411,good,-0.4458,0.0391,good,-176.6807,0.6543,good
25.10,good,0.3837,0.0017,good,-177.3089,1.2573,good,0.3902,0.0393,good,-0.4467,0.0381,good,-176.6994,0.6730,good
25.13,good,0.3818,0.0033,good,-177.3826,1.1837,good,0.3864,0.0430,good,-0.4455,0.0394,good,-176.7754,0.7490,good
25.19,good,0.3790,0.0105,good,-177.5848,0.9814,good,0.3911,0.0384,good,-0.4493,0.0355,good,-177.0831,1.0567,good
25.22,good,0.3762,0.0179,good,-177.6747,0.8915,good,0.3938,0.0356,good,-0.4530,0.0318,good,-177.0215,0.9951,good
25.25,bad,0.3730,0.0262,good,-147.9596,30.6067,alert,0.4036,0.0259,good,-0.4586,0.0262,good,-176.6471,0.6207,good
25.28,bad,0.3696,0.0353,good,-118.3116,60.2546,alert,0.4132,0.0162,good,-0.4651,0.0197,good,-176.7536,0.7273,good
25.31,bad,0.3662,0.0441,good,-118.3305,60.2357,alert,0.4177,0.0118,good,-0.4689,0.0159,good,-176.7116,0.6852,good
25.34,bad,0.3647,0.0478,good,-118.5117,60.0545,alert,0.4172,0.0122,good,-0.4702,0.0147,good,-176.7041,0.6777,good
25.39,bad,0.3628,0.0528,good,-118.7400,59.8262,alert,0.4165,0.0130,good,-0.4713,0.0135,good,-176.6413,0.6150,good
25.43,bad,0.3613,0.0569,good,-118.9564,59.6098,alert,0.4155,0.0140,good,-0.4726,0.0123,good,-176.5520,0.5256,good
25.45,bad,0.3599,0.0605,good,-89.1936,89.3727,alert,0.4134,0.0161,good,-0.4719,0.0129,good,-176.2977,0.2713,good
25.49,bad,0.3592,0.0623,good,-59.4750,119.0913,alert,0.4101,0.0194,good,-0.4699,0.0150,good,-176.1864,0.1600,good
25.52,bad,0.3575,0.0668,good,-29.7938,148.7724,alert,0.4078,0.0216,good,-0.4688,0.0160,good,-176.1093,0.0830,good
25.55,bad,0.3573,0.0672,good,-0.0812,178.4851,alert,0.4089,0.0205,good,-0.4673,0.0176,good,-175.9455,0.0809,good
25.58,bad,0.3575,0.0667,good,29.7349,208.3011,alert,0.4020,0.0274,good,-0.4614,0.0234,good,-175.4854,0.5410,good
25.61,bad,0.3558,0.0712,good,59.5112,238.0775,alert,0.3973,0.0321,good,-0.4563,0.0286,good,-175.3540,0.6724,good
25.64,bad,0.3528,0.0791,good,29.5959,208.1621,alert,0.3864,0.0430,good,-0.4515,0.0333,good,-175.5202,0.5062,good
25.67,bad,0.3518,0.0816,caution,-0.2898,178.2765,alert,0.3745,0.0549,good,-0.4437,0.0411,good,-175.2912,0.7352,good
25.71,bad,0.3517,0.0819,caution,29.3231,207.8894,alert,0.3693,0.0602,good,-0.4399,0.0449,good,-175.2284,0.7980,good
25.73,bad,0.3502,0.0857,caution,59.0046,237.5709,alert,0.3686,0.0608,good,-0.4384,0.0464,good,-175.0071,1.0193,good
25.77,bad,0.3496,0.0874,caution,88.8369,267.4031,alert,0.3676,0.0618,caution,-0.4371,0.0478,good,-174.8678,1.1586,good
25.80,bad,0.3482,0.0911,caution,118.6099,297.1761,alert,0.3671,0.0623,caution,-0.4369,0.0479,good,-174.7260,1.3003,good
25.83,bad,0.3467,0.0950,caution,118.4238,296.9900,alert,0.3675,0.0620,caution,-0.4382,0.0467,good,-174.7141,1.3123,good
25.86,bad,0.3462,0.0962,caution,118.2052,296.7714,alert,0.3664,0.0630,caution,-0.4388,0.0461,good,-174.6492,1.3772,good
25.89,bad,0.3468,0.0947,caution,118.0599,296.6261,alert,0.3636,0.0658,caution,-0.4382,0.0467,good,-174.6171,1.4093,good
25.92,bad,0.3474,0.0931,caution,117.9371,296.5033,alert,0.3611,0.0684,caution,-0.4377,0.0472,good,-174.6007,1.4257,good
25.95,bad,0.3467,0.0949,caution,118.0036,296.5698,alert,0.3573,0.0722,caution,-0.4360,0.0489,good,-174.6322,1.3942,good
25.98,bad,0.3476,0.0926,caution,118.0194,296.5856,alert,0.3544,0.0751,caution,-0.4348,0.0501,caution,-174.5765,1.4499,good
26.02,bad,0.3494,0.0880,caution,147.7991,326.3654,alert,0.3523,0.0771,caution,-0.4336,0.0512,caution,-174.6308,1.3956,good
26.07,bad,0.3509,0.0839,caution,177.6675,356.2337,alert,0.3495,0.0800,caution,-0.4321,0.0528,caution,-174.7110,1.3154,good
26.10,bad,0.3520,0.0811,caution,177.6706,356.2368,alert,0.3455,0.0839,caution,-0.4293,0.0556,caution,-174.8062,1.2201,good
26.13,bad,0.3525,0.0798,good,177.7700,356.3362,alert,0.3424,0.0871,caution,-0.4269,0.0579,caution,-174.9744,1.0520,good
26.16,bad,0.3522,0.0804,caution,177.7552,356.3214,alert,0.3400,0.0894,caution,-0.4258,0.0590,caution,-175.1195,0.9068,good
26.20,bad,0.3529,0.0786,good,177.7474,356.3137,alert,0.3379,0.0916,caution,-0.4239,0.0610,caution,-175.3132,0.7132,good
26.23,bad,0.3531,0.0783,good,177.7619,356.3282,alert,0.3371,0.0924,caution,-0.4231,0.0618,caution,-175.4015,0.6249,good
26.26,bad,0.3517,0.0818,caution,177.9395,356.5057,alert,0.3375,0.0920,caution,-0.4228,0.0620,caution,-175.5890,0.4374,good
26.30,bad,0.3513,0.0828,caution,178.0956,356.6619,alert,0.3372,0.0922,caution,-0.4211,0.0638,caution,-175.6425,0.3839,good
26.33,bad,0.3505,0.0850,caution,178.1232,356.6894,alert,0.3389,0.0906,caution,-0.4222,0.0627,caution,-175.7064,0.3199,good
26.36,bad,0.3516,0.0822,caution,178.0189,356.5851,alert,0.3405,0.0889,caution,-0.4227,0.0621,caution,-175.7465,0.2798,good
26.40,bad,0.3536,0.0769,good,177.9044,356.4706,alert,0.3409,0.0886,caution,-0.4225,0.0624,caution,-175.8390,0.1874,good
26.43,bad,0.3562,0.0702,good,177.9026,356.4688,alert,0.3390,0.0904,caution,-0.4202,0.0647,caution,-175.8452,0.1812,good
26.47,bad,0.3571,0.0678,good,177.8471,356.4133,alert,0.3388,0.0906,caution,-0.4206,0.0643,caution,-175.7739,0.2525,good
26.50,bad,0.3581,0.0652,good,177.7941,356.3603,alert,0.3381,0.0913,caution,-0.4206,0.0643,caution,-175.7015,0.3249,good
26.53,bad,0.3593,0.0621,good,177.7379,356.3041,alert,0.3369,0.0926,caution,-0.4207,0.0642,caution,-175.6687,0.3577,good
26.57,bad,0.3609,0.0579,good,177.7145,356.2807,alert,0.3357,0.0937,caution,-0.4202,0.0647,caution,-175.6669,0.3595,good
26.59,bad,0.3623,0.0542,good,177.7421,356.3084,alert,0.3345,0.0950,caution,-0.4201,0.0647,caution,-175.6454,0.3810,good
26.63,bad,0.3640,0.0498,good,177.7376,356.3038,alert,0.3347,0.0947,caution,-0.4213,0.0636,caution,-175.6658,0.3606,good
26.66,bad,0.3664,0.0436,good,177.6836,356.2498,alert,0.3341,0.0953,caution,-0.4219,0.0629,caution,-175.7161,0.3103,good
26.69,bad,0.3675,0.0407,good,177.6423,356.2086,alert,0.3358,0.0937,caution,-0.4254,0.0595,caution,-175.7822,0.2442,good
26.74,bad,0.3683,0.0385,good,177.6848,356.2510,alert,0.3366,0.0928,caution,-0.4278,0.0571,caution,-175.8833,0.1431,good
26.78,bad,0.3691,0.0366,good,177.6693,356.2356,alert,0.3379,0.0915,caution,-0.4309,0.0539,caution,-176.0438,0.0175,good
26.81,bad,0.3697,0.0350,good,177.6203,356.1865,alert,0.3390,0.0904,caution,-0.4331,0.0518,caution,-176.2013,0.1749,good
26.84,bad,0.3705,0.0328,good,177.5972,356.1634,alert,0.3399,0.0896,caution,-0.4347,0.0501,caution,-176.4025,0.3761,good
26.87,bad,0.3713,0.0306,good,177.5714,356.1376,alert,0.3408,0.0887,caution,-0.4362,0.0487,good,-176.6184,0.5920,good
26.92,bad,0.3717,0.0295,good,177.5764,356.1427,alert,0.3419,0.0876,caution,-0.4377,0.0472,good,-176.7804,0.7540,good
26.95,bad,0.3718,0.0295,good,177.6017,356.1680,alert,0.3443,0.0852,caution,-0.4403,0.0446,good,-176.8776,0.8512,good
26.98,bad,0.3716,0.0299,good,177.6019,356.1681,alert,0.3465,0.0829,caution,-0.4431,0.0418,good,-176.9945,0.9681,good
27.01,bad,0.3714,0.0304,good,177.6167,356.1829,alert,0.3487,0.0808,caution,-0.4454,0.0395,good,-177.0128,0.9864,good
27.04,bad,0.3715,0.0303,good,177.6915,356.2578,alert,0.3490,0.0804,caution,-0.4463,0.0385,good,-177.0983,1.0720,good
27.07,bad,0.3714,0.0305,good,177.7989,356.3651,alert,0.3501,0.0794,caution,-0.4476,0.0373,good,-177.1540,1.1276,good
27.11,bad,0.3716,0.0299,good,177.8818,356.4481,alert,0.3502,0.0793,caution,-0.4479,0.0370,good,-177.2201,1.1937,good
27.14,bad,0.3720,0.0288,good,177.9764,356.5427,alert,0.3506,0.0789,caution,-0.4484,0.0364,good,-177.2585,1.2322,good
27.19,bad,0.3725,0.0276,good,178.0952,356.6614,alert,0.3506,0.0789,caution,-0.4486,0.0363,good,-177.2501,1.2237,good
27.22,bad,0.3726,0.0274,good,178.2236,356.7898,alert,0.3516,0.0778,caution,-0.4498,0.0351,good,-177.2403,1.2140,good
27.24,bad,0.3726,0.0273,good,178.3494,356.9156,alert,0.3528,0.0766,caution,-0.4512,0.0336,good,-177.1871,1.1608,good
27.28,bad,0.3726,0.0273,good,178.4674,357.0336,alert,0.3543,0.0751,caution,-0.4527,0.0321,good,-177.1137,1.0873,good
27.31,bad,0.3726,0.0273,good,178.5791,357.1453,alert,0.3559,0.0736,caution,-0.4545,0.0304,good,-177.0690,1.0427,good
27.34,bad,0.3729,0.0264,good,178.7060,357.2722,alert,0.3563,0.0731,caution,-0.4548,0.0300,good,-177.0745,1.0482,good
27.39,bad,0.3733,0.0254,good,178.8185,357.3847,alert,0.3567,0.0727,caution,-0.4551,0.0298,good,-177.0499,1.0235,good
27.42,bad,0.3739,0.0240,good,178.9070,357.4732,alert,0.3565,0.0730,caution,-0.4547,0.0302,good,-177.0817,1.0553,good
27.44,bad,0.3746,0.0222,good,179.0069,357.5732,alert,0.3559,0.0735,caution,-0.4541,0.0308,good,-177.0867,1.0603,good
27.47,bad,0.3749,0.0213,good,178.9716,357.5379,alert,0.3551,0.0743,caution,-0.4532,0.0317,good,-177.1000,1.0737,good
27.52,bad,0.3751,0.0208,good,179.0226,357.5888,alert,0.3551,0.0744,caution,-0.4528,0.0321,good,-177.1846,1.1583,good
27.56,bad,0.3750,0.0209,good,179.0664,357.6326,alert,0.3555,0.0739,caution,-0.4529,0.0319,good,-177.2634,1.2371,good
27.59,bad,0.3749,0.0213,good,179.1116,357.6778,alert,0.3567,0.0728,caution,-0.4537,0.0312,good,-177.3704,1.3440,good
27.62,bad,0.3748,0.0216,good,179.1605,357.7267,alert,0.3575,0.0719,caution,-0.4542,0.0307,good,-177.4927,1.4663,good
27.65,bad,0.3747,0.0218,good,179.2111,357.7774,alert,0.3583,0.0711,caution,-0.4546,0.0302,good,-177.5853,1.5589,good
27.68,bad,0.3751,0.0207,good,179.2821,357.8484,alert,0.3581,0.0713,caution,-0.4540,0.0309,good,-177.6128,1.5864,good
27.71,bad,0.3752,0.0206,good,179.3412,357.9074,alert,0.3588,0.0706,caution,-0.4541,0.0308,good,-177.5699,1.5436,good
27.75,bad,0.3753,0.0204,good,179.4070,357.9732,alert,0.3600,0.0695,caution,-0.4541,0.0307,good,-177.3925,1.3661,good
27.80,bad,0.3751,0.0208,good,179.4848,358.0510,alert,0.3613,0.0681,caution,-0.4541,0.0308,good,-177.1993,1.1729,good
27.84,bad,0.3748,0.0215,good,179.5729,358.1392,alert,0.3629,0.0665,caution,-0.4544,0.0305,good,-177.0218,0.9954,good
27.87,bad,0.3746,0.0221,good,179.5612,358.1274,alert,0.3645,0.0649,caution,-0.4542,0.0307,good,-176.8194,0.7930,good
27.90,bad,0.3748,0.0216,good,179.6568,358.2230,alert,0.3659,0.0635,caution,-0.4536,0.0312,good,-176.5699,0.5436,good
27.93,bad,0.3752,0.0204,good,179.6425,358.2087,alert,0.3663,0.0631,caution,-0.4524,0.0324,good,-176.2571,0.2308,good
27.96,bad,0.3756,0.0194,good,179.6546,358.2209,alert,0.3663,0.0631,caution,-0.4506,0.0342,good,-175.9479,0.0784,good
27.99,bad,0.3761,0.0182,good,179.6492,358.2154,alert,0.3658,0.0636,caution,-0.4487,0.0362,good,-175.5761,0.4503,good
28.03,bad,0.3765,0.0172,good,179.6234,358.1897,alert,0.3649,0.0645,caution,-0.4471,0.0378,good,-175.2731,0.7533,good
28.05,bad,0.3769,0.0161,good,179.6092,358.1754,alert,0.3643,0.0652,caution,-0.4459,0.0389,good,-174.9986,1.0278,good
28.09,bad,0.3770,0.0158,good,179.5771,358.1434,alert,0.3644,0.0651,caution,-0.4457,0.0392,good,-174.7504,1.2759,good
28.11,bad,0.3774,0.0148,good,179.5799,358.1462,alert,0.3639,0.0656,caution,-0.4451,0.0398,good,-174.5842,1.4422,good
28.15,bad,0.3777,0.0141,good,179.5614,358.1277,alert,0.3628,0.0667,caution,-0.4447,0.0402,good,-174.4623,1.5640,good
28.18,bad,0.3783,0.0123,good,179.5456,358.1118,alert,0.3613,0.0682,caution,-0.4442,0.0406,good,-174.3759,1.6505,good
28.21,bad,0.3790,0.0107,good,179.5160,358.0823,alert,0.3600,0.0694,caution,-0.4441,0.0408,good,-174.2586,1.7678,good
28.26,bad,0.3796,0.0090,good,179.5044,358.0706,alert,0.3585,0.0710,caution,-0.4439,0.0410,good,-174.1253,1.9011,good
28.28,bad,0.3799,0.0082,good,179.4891,358.0554,alert,0.3572,0.0722,caution,-0.4444,0.0405,good,-174.0056,2.0208,good
28.32,bad,0.3800,0.0081,good,179.5020,358.0682,alert,0.3563,0.0731,caution,-0.4450,0.0399,good,-173.9485,2.0779,good
28.35,bad,0.3800,0.0080,good,179.4917,358.0579,alert,0.3555,0.0740,caution,-0.4457,0.0392,good,-173.8835,2.1429,good
28.38,bad,0.3797,0.0087,good,179.4946,358.0608,alert,0.3557,0.0738,caution,-0.4473,0.0376,good,-173.9141,2.1122,good
28.41,bad,0.3792,0.0101,good,179.5040,358.0702,alert,0.3569,0.0725,caution,-0.4494,0.0355,good,-173.8969,2.1294,good
28.44,bad,0.3783,0.0124,good,179.4733,358.0395,alert,0.3579,0.0715,caution,-0.4512,0.0336,good,-173.8990,2.1273,good
28.47,bad,0.3780,0.0133,good,179.4659,358.0322,alert,0.3586,0.0709,caution,-0.4522,0.0327,good,-173.9485,2.0779,good
28.50,bad,0.3771,0.0156,good,179.4230,357.9893,alert,0.3596,0.0698,caution,-0.4537,0.0312,good,-173.9857,2.0407,good
28.54,bad,0.3767,0.0165,good,179.4148,357.9811,alert,0.3610,0.0685,caution,-0.4545,0.0304,good,-174.0966,1.9297,good
28.57,bad,0.3765,0.0171,good,179.4078,357.9740,alert,0.3622,0.0673,caution,-0.4551,0.0297,good,-174.2172,1.8091,good
28.59,bad,0.3762,0.0180,good,179.4238,357.9900,alert,0.3633,0.0662,caution,-0.4557,0.0292,good,-174.3162,1.7101,good
28.63,bad,0.3755,0.0198,good,179.4442,358.0104,alert,0.3654,0.0641,caution,-0.4573,0.0276,good,-174.4312,1.5952,good
28.68,bad,0.3748,0.0215,good,179.4713,358.0375,alert,0.3673,0.0622,caution,-0.4587,0.0261,good,-174.5024,1.5240,good
28.71,bad,0.3745,0.0224,good,179.4884,358.0546,alert,0.3686,0.0609,good,-0.4597,0.0252,good,-174.5644,1.4620,good
28.74,bad,0.3742,0.0230,good,179.5050,358.0712,alert,0.3701,0.0593,good,-0.4609,0.0240,good,-174.6395,1.3869,good
28.77,bad,0.3744,0.0225,good,179.5449,358.1111,alert,0.3705,0.0590,good,-0.4606,0.0243,good,-174.6636,1.3628,good
28.80,bad,0.3752,0.0206,good,179.5799,358.1461,alert,0.3695,0.0600,good,-0.4590,0.0258,good,-174.6417,1.3847,good
28.84,bad,0.3761,0.0182,good,179.6505,358.2167,alert,0.3690,0.0604,good,-0.4575,0.0274,good,-174.6001,1.4263,good
28.88,bad,0.3765,0.0171,good,179.6981,358.2644,alert,0.3688,0.0606,good,-0.4568,0.0280,good,-174.5614,1.4649,good
28.91,bad,0.3777,0.0139,good,179.7559,358.3222,alert,0.3676,0.0618,caution,-0.4549,0.0300,good,-174.5566,1.4698,good
28.94,bad,0.3782,0.0128,good,149.7948,328.3611,alert,0.3675,0.0619,caution,-0.4545,0.0304,good,-174.4848,1.5415,good
28.97,bad,0.3784,0.0120,good,149.8017,328.3680,alert,0.3677,0.0617,caution,-0.4541,0.0307,good,-174.3625,1.6639,good
29.01,bad,0.3792,0.0100,good,149.7838,328.3500,alert,0.3676,0.0618,caution,-0.4525,0.0323,good,-174.3034,1.7229,good
29.05,bad,0.3804,0.0070,good,149.7553,328.3215,alert,0.3669,0.0625,caution,-0.4502,0.0347,good,-174.2258,1.8005,good
29.08,bad,0.3815,0.0042,good,149.7681,328.3344,alert,0.3664,0.0631,caution,-0.4484,0.0365,good,-174.2365,1.7899,good
29.12,bad,0.3822,0.0024,good,119.8516,298.4178,alert,0.3648,0.0646,caution,-0.4466,0.0383,good,-174.4327,1.5936,good
29.15,bad,0.3825,0.0014,good,89.9656,268.5319,alert,0.3636,0.0659,caution,-0.4456,0.0393,good,-174.5835,1.4429,good
29.21,bad,0.3842,0.0030,good,89.8936,268.4599,alert,0.3619,0.0676,caution,-0.4441,0.0408,good,-174.9554,1.0710,good
29.24,bad,0.3846,0.0041,good,59.9270,238.4932,alert,0.3604,0.0690,caution,-0.4431,0.0417,good,-175.3799,0.6465,good
29.27,bad,0.3842,0.0030,good,30.0977,208.6640,alert,0.3599,0.0696,caution,-0.4423,0.0425,good,-175.7748,0.2515,good
29.30,bad,0.3838,0.0019,good,30.1029,208.6692,alert,0.3600,0.0694,caution,-0.4417,0.0431,good,-146.2949,29.7315,alert
29.35,bad,0.3830,0.0001,good,0.2264,178.7927,alert,0.3609,0.0685,caution,-0.4405,0.0443,good,-146.5407,29.4857,alert
29.39,bad,0.3797,0.0088,good,0.4873,179.0535,alert,0.3640,0.0655,caution,-0.4410,0.0439,good,-146.6315,29.3949,alert
29.43,bad,0.3790,0.0107,good,-29.3351,149.2312,alert,0.3621,0.0673,caution,-0.4391,0.0458,good,-146.6521,29.3742,alert
29.45,bad,0.3785,0.0119,good,-59.1066,119.4597,alert,0.3610,0.0684,caution,-0.4378,0.0471,good,-146.5962,29.4302,alert
29.49,bad,0.3783,0.0123,good,-88.8541,89.7121,alert,0.3597,0.0697,caution,-0.4365,0.0484,good,-146.4974,29.5290,alert
29.52,bad,0.3776,0.0143,good,-118.6338,59.9325,alert,0.3585,0.0709,caution,-0.4345,0.0503,caution,-146.4045,29.6218,alert
29.55,bad,0.3757,0.0191,good,-118.4496,60.1166,alert,0.3611,0.0683,caution,-0.4344,0.0504,caution,-146.0609,29.9655,alert
29.58,bad,0.3766,0.0169,good,-88.5459,90.0203,alert,0.3614,0.0680,caution,-0.4319,0.0530,caution,-146.0044,30.0220,alert
29.61,bad,0.3741,0.0235,good,-118.4309,60.1354,alert,0.3644,0.0650,caution,-0.4330,0.0519,caution,-145.8174,30.2090,alert
29.64,bad,0.3731,0.0261,good,-88.4922,90.0740,alert,0.3663,0.0632,caution,-0.4331,0.0517,caution,-145.7458,30.2806,alert
29.69,bad,0.3730,0.0263,good,-88.6417,89.9245,alert,0.3675,0.0619,caution,-0.4325,0.0524,caution,-145.7035,30.3229,alert
29.72,bad,0.3729,0.0266,good,-118.6232,59.9430,alert,0.3680,0.0614,good,-0.4317,0.0532,caution,-175.5230,0.5034,good
29.75,bad,0.3707,0.0322,good,-88.9273,89.6389,alert,0.3757,0.0537,good,-0.4367,0.0481,good,-175.6487,0.3777,good
29.78,bad,0.3712,0.0309,good,-59.4848,119.0815,alert,0.3792,0.0502,good,-0.4415,0.0433,good,-175.4762,0.5501,good
29.81,bad,0.3711,0.0313,good,-29.7220,148.8443,alert,0.3835,0.0460,good,-0.4455,0.0394,good,-175.2676,0.7588,good
29.87,bad,0.3703,0.0333,good,-29.9076,148.6586,alert,0.3846,0.0448,good,-0.4474,0.0375,good,-175.1848,0.8416,good
29.91,bad,0.3694,0.0358,good,-30.0649,148.5013,alert,0.3842,0.0452,good,-0.4478,0.0371,good,-175.2191,0.8073,good
29.95,bad,0.3690,0.0367,good,-0.2930,178.2732,alert,0.3847,0.0448,good,-0.4488,0.0360,good,-175.1977,0.8287,good
29.98,bad,0.3699,0.0343,good,29.4248,207.9911,alert,0.3832,0.0462,good,-0.4494,0.0355,good,-175.2701,0.7562,good
30.03,bad,0.3686,0.0377,good,29.3776,207.9438,alert,0.3837,0.0458,good,-0.4515,0.0334,good,-175.0794,0.9470,good
30.06,bad,0.3693,0.0360,good,59.2862,237.8524,alert,0.3826,0.0468,good,-0.4512,0.0337,good,-174.8161,1.2103,good
30.09,bad,0.3697,0.0349,good,59.2407,237.8070,alert,0.3826,0.0468,good,-0.4514,0.0335,good,-174.4877,1.5387,good
30.16,bad,0.3703,0.0333,good,59.2516,237.8179,alert,0.3831,0.0463,good,-0.4532,0.0317,good,-174.3383,1.6881,good
30.18,bad,0.3714,0.0306,good,59.2625,237.8288,alert,0.3835,0.0459,good,-0.4542,0.0307,good,-174.2882,1.7382,good
30.22,bad,0.3743,0.0228,good,29.4818,208.0480,alert,0.3767,0.0527,good,-0.4505,0.0344,good,-174.0902,1.9362,good
30.24,bad,0.3777,0.0141,good,-0.1926,178.3737,alert,0.3707,0.0587,good,-0.4446,0.0402,good,-174.3994,1.6270,good
30.27,bad,0.3793,0.0098,good,-30.0989,148.4673,alert,0.3674,0.0621,caution,-0.4413,0.0436,good,-174.8699,1.1564,good
30.31,bad,0.3812,0.0050,good,-30.0907,148.4756,alert,0.3656,0.0638,caution,-0.4397,0.0451,good,-175.2860,0.7404,good
30.35,bad,0.3826,0.0011,good,-30.0953,148.4709,alert,0.3656,0.0638,caution,-0.4396,0.0452,good,-175.5776,0.4488,good
30.38,bad,0.3842,0.0030,good,-60.0452,118.5211,alert,0.3649,0.0646,caution,-0.4391,0.0458,good,-175.8745,0.1518,good
30.41,bad,0.3856,0.0066,good,-89.9118,88.6545,alert,0.3635,0.0660,caution,-0.4377,0.0472,good,-176.1859,0.1596,good
30.45,bad,0.3868,0.0097,good,-119.7959,58.7704,alert,0.3628,0.0666,caution,-0.4366,0.0482,good,-176.4789,0.4525,good
30.48,bad,0.3878,0.0123,good,-149.7026,28.8636,alert,0.3619,0.0675,caution,-0.4354,0.0494,good,-176.7745,0.7481,good
30.51,caution,0.3884,0.0140,good,-179.5785,1.0123,good,0.3610,0.0685,caution,-0.4344,0.0505,caution,-177.0301,1.0037,good
30.55,caution,0.3888,0.0151,good,-179.5274,0.9612,good,0.3585,0.0709,caution,-0.4317,0.0532,caution,-177.1306,1.1042,good
30.59,caution,0.3891,0.0157,good,-179.4911,0.9248,good,0.3563,0.0732,caution,-0.4295,0.0553,caution,-177.0955,1.0691,good
30.61,caution,0.3895,0.0168,good,-179.4184,0.8522,good,0.3538,0.0756,caution,-0.4274,0.0575,caution,-177.1551,1.1287,good
